search_query,name,description,설명,url,type,usage_count,topic
Tools and frameworks for building dynamic web applications and integrating real-time data,MCP Server Starter,Build a robust server to enable AI agents to interact with various tools.,AI 에이전트가 다양한 도구와 상호작용할 수 있도록 강력한 서버를 구축합니다.,https://smithery.ai/server/@TheSethRose/mcp-server-starter,Remote,3.79k,2
Tools and frameworks for building dynamic web applications and integrating real-time data,HotNews Server,A Model Context Protocol server that provides real-time hot trending topics from major Chinese social platforms and news sites.,주요 중국 소셜 플랫폼과 뉴스 사이트의 실시간 인기 트렌드 주제를 제공하는 모델 컨텍스트 프로토콜 서버입니다.,https://smithery.ai/server/@wopal/mcp-server-hotnews,Remote,3.62k,0
Tools and frameworks for building dynamic web applications and integrating real-time data,Web Research Server,"Integrate real-time web research capabilities into your workflow. Conduct thorough research with tools for searching, content extraction, and session tracking.","실시간 웹 리서치 기능을 워크플로에 통합합니다. 검색, 콘텐츠 추출 및 세션 추적을 위한 도구로 철저한 리서치를 수행합니다.",https://smithery.ai/server/@chuanmingliu/mcp-webresearch,Remote,3.13k,1
Tools and frameworks for building dynamic web applications and integrating real-time data,Resources,Building the operating system for AI,AI를 위한 운영체제 구축,https://smithery.ai/,,,2
Tools and frameworks for building dynamic web applications and integrating real-time data,Fetch Browser,Fetch web content and perform Google searches seamlessly.,웹 콘텐츠를 가져오고 Google 검색을 원활하게 수행합니다.,https://smithery.ai/server/@TheSethRose/fetch-browser,Remote,,1
Tools and frameworks for building dynamic web applications and integrating real-time data,Web Content Server,Fetch and process web content seamlessly for LLM context using Cloudflare Browser Rendering. Enhance your applications with real-time web data extraction and structured content summarization. Leverage powerful tools to enrich your LLM interactions with relevant web information.,Cloudflare Browser Rendering을 사용하여 LLM 컨텍스트에 대한 웹 콘텐츠를 원활하게 페치하고 처리합니다. 실시간 웹 데이터 추출 및 구조화된 콘텐츠 요약으로 애플리케이션을 강화합니다. 강력한 도구를 활용하여 관련 웹 정보로 LLM 상호 작용을 풍부하게 합니다.,https://smithery.ai/server/@amotivv/cloudflare-browser-rendering,Remote,,1
Tools and frameworks for building dynamic web applications and integrating real-time data,Weather Tool,Provide real-time weather information and forecasts to enhance your applications. Integrate weather data seamlessly and empower users with up-to-date meteorological insights.,실시간 날씨 정보와 예보를 제공하여 애플리케이션을 강화하세요. 날씨 데이터를 원활하게 통합하고 사용자에게 최신 기상 통찰력을 제공하세요.,https://smithery.ai/server/@cedrazgabriel/teste-mcp-cedraz,Remote,,1
Tools and frameworks for building dynamic web applications and integrating real-time data,Singapore LTA MCP Server,"Access real-time transportation information for Singapore. Get bus arrivals, traffic conditions, and train service updates seamlessly.","싱가포르의 실시간 교통 정보에 액세스하세요. 버스 도착, 교통 상황, 기차 서비스 업데이트를 원활하게 받으세요.",https://smithery.ai/server/@arjunkmrm/mcp-sg-lta,Remote,,1
Tools and frameworks for building dynamic web applications and integrating real-time data,Beyond MCP Server,Access social platform data and onchain data seamlessly. Integrate multiple social media platforms with ease and extend functionality as needed. Optimize your LLM interactions with well-formatted context and flexible transport options.,소셜 플랫폼 데이터와 온체인 데이터에 원활하게 액세스하세요. 여러 소셜 미디어 플랫폼을 쉽게 통합하고 필요에 따라 기능을 확장하세요. 잘 포맷된 컨텍스트와 유연한 전송 옵션으로 LLM 상호 작용을 최적화하세요.,https://smithery.ai/server/@Beyond-Network-AI/beyond-mcp-server,Remote,,0
Tools and frameworks for building dynamic web applications and integrating real-time data,Simple MCP Server,Integrate your applications with external data and tools seamlessly. Enhance your workflows by leveraging real-world data and actions through a standardized protocol. Experience dynamic interactions with your LLMs and external resources effortlessly.,애플리케이션을 외부 데이터 및 도구와 원활하게 통합합니다. 표준화된 프로토콜을 통해 실제 데이터와 작업을 활용하여 워크플로를 강화합니다. LLM 및 외부 리소스와의 역동적인 상호 작용을 손쉽게 경험하세요.,https://smithery.ai/server/@BrunoSSantana/poc-simple-mcp-server,Remote,,2
Tools and frameworks for building dynamic web applications and integrating real-time data,FantasyPros API Server,"Access sports data, news, rankings, and projections seamlessly. Retrieve the latest updates and player information for NFL, MLB, NBA, and NHL with ease. Enhance your applications with real-time sports insights and analytics.","스포츠 데이터, 뉴스, 순위 및 예측에 원활하게 액세스하세요. NFL, MLB, NBA 및 NHL에 대한 최신 업데이트 및 선수 정보를 쉽게 검색하세요. 실시간 스포츠 통찰력 및 분석으로 애플리케이션을 강화하세요.",https://smithery.ai/server/@DynamicEndpoints/fantasy-pros-mcp,Remote,,1
Tools and frameworks for building dynamic web applications and integrating real-time data,Durs1111,Enhance your applications with dynamic data integration and real-time context manipulation. Utilize powerful tools and resources to streamline workflows and improve user interactions. Experience seamless connectivity with external data sources and APIs for enriched functionality.,동적 데이터 통합 및 실시간 컨텍스트 조작으로 애플리케이션을 강화하세요. 강력한 도구와 리소스를 활용하여 워크플로를 간소화하고 사용자 상호 작용을 개선하세요. 풍부한 기능을 위해 외부 데이터 소스 및 API와의 원활한 연결을 경험하세요.,https://smithery.ai/server/@Durs1111/durs1111,Local,,2
Tools and frameworks for building dynamic web applications and integrating real-time data,Dynamic Context Integration Server,"Enhance your applications by seamlessly integrating real-world data and tools. Access files, databases, and APIs dynamically to enrich your LLM interactions. Empower your agents with the ability to perform actions and retrieve information in real-time.","실제 데이터와 도구를 원활하게 통합하여 애플리케이션을 강화하세요. 파일, 데이터베이스 및 API에 동적으로 액세스하여 LLM 상호작용을 풍부하게 하세요. 에이전트에게 실시간으로 작업을 수행하고 정보를 검색할 수 있는 기능을 제공하세요.",https://smithery.ai/server/@dkdl9886/dkdl9886,Local,,1
Tools and frameworks for building dynamic web applications and integrating real-time data,Complex React App,Build and develop modern web applications with ease. Leverage the power of React and Webpack to create dynamic user interfaces and streamline your development workflow.,최신 웹 애플리케이션을 쉽게 빌드하고 개발하세요. React와 Webpack의 힘을 활용하여 동적 사용자 인터페이스를 만들고 개발 워크플로를 간소화하세요.,https://smithery.ai/server/@chakravartyharish/frontend-api,Local,,0
Tools and frameworks for building dynamic web applications and integrating real-time data,Dashboard SaaS,Integrate with Meta Ads and other sales platforms seamlessly. Build and test your applications using a robust React and TypeScript framework with easy deployment options. Enhance your development workflow with local mock storage for efficient testing without a live database connection.,Meta Ads 및 기타 판매 플랫폼과 원활하게 통합합니다. 간편한 배포 옵션을 갖춘 강력한 React 및 TypeScript 프레임워크를 사용하여 애플리케이션을 빌드하고 테스트합니다. 라이브 데이터베이스 연결 없이 효율적인 테스트를 위해 로컬 모의 저장소로 개발 워크플로를 강화합니다.,https://smithery.ai/server/@hugorolimf/dashboard-tiago,Local,,0
Tools and frameworks for building dynamic web applications and integrating real-time data,2gether,Enhance your applications with seamless integration of external data and tools. Access and manipulate real-world resources dynamically to enrich user interactions and automate workflows. Empower your agents to perform complex tasks effortlessly with our standardized protocol.,외부 데이터와 도구를 매끄럽게 통합하여 애플리케이션을 강화하세요. 실제 리소스에 동적으로 액세스하고 조작하여 사용자 상호 작용을 풍부하게 하고 워크플로를 자동화하세요. 표준화된 프로토콜을 사용하여 에이전트가 복잡한 작업을 손쉽게 수행할 수 있도록 지원하세요.,https://smithery.ai/server/@8bitsats/ntogethernow,Local,,2
Tools and frameworks for building dynamic web applications and integrating real-time data,Agentic,Enhance your applications with dynamic context integration. Access and manipulate real-world data and tools seamlessly to improve user interactions and decision-making. Leverage a standardized protocol to connect your LLMs with external resources effortlessly.,동적 컨텍스트 통합으로 애플리케이션을 강화하세요. 실제 데이터와 도구에 원활하게 액세스하고 조작하여 사용자 상호 작용과 의사 결정을 개선하세요. 표준화된 프로토콜을 활용하여 LLM을 외부 리소스와 손쉽게 연결하세요.,https://smithery.ai/server/@tarulahsan/agentic,Local,,2
Tools and frameworks for building dynamic web applications and integrating real-time data,Append Data to JSON File,Easily append data to a JSON file and display it in an HTML table using Ajax and jQuery's getJSON method. Streamline your data management and enhance user experience with dynamic data loading. Perfect for developers looking to integrate JSON data into their web applications seamlessly.,Ajax와 jQuery의 getJSON 메서드를 사용하여 JSON 파일에 데이터를 쉽게 추가하고 HTML 테이블에 표시합니다. 동적 데이터 로딩으로 데이터 관리를 간소화하고 사용자 경험을 향상시킵니다. JSON 데이터를 웹 애플리케이션에 원활하게 통합하려는 개발자에게 적합합니다.,https://smithery.ai/server/@hoonoh57/append-data-to-json-file-and-display-json-data-to-html-table-using-ajax-jquery-getjson-method,Local,,0
Tools and frameworks for building dynamic web applications and integrating real-time data,MCP Smith,Enhance your applications with dynamic data integration and real-time context manipulation. Utilize powerful tools and resources to streamline workflows and improve user interactions. Experience seamless integration with external APIs and data sources for a more responsive application.,동적 데이터 통합 및 실시간 컨텍스트 조작으로 애플리케이션을 강화하세요. 강력한 도구와 리소스를 활용하여 워크플로를 간소화하고 사용자 상호 작용을 개선하세요. 더욱 반응성이 뛰어난 애플리케이션을 위해 외부 API 및 데이터 소스와의 원활한 통합을 경험하세요.,https://smithery.ai/server/@jsbintu/mcpsmith,Local,,2
Tools and frameworks for building dynamic web applications and integrating real-time data,Amplify,Enhance your applications with powerful data integration and manipulation capabilities. Seamlessly connect to various data sources and perform complex operations with ease. Empower your projects by leveraging real-time data and tools to create dynamic user experiences.,강력한 데이터 통합 및 조작 기능으로 애플리케이션을 강화하세요. 다양한 데이터 소스에 원활하게 연결하고 복잡한 작업을 쉽게 수행하세요. 실시간 데이터와 도구를 활용하여 역동적인 사용자 경험을 만들어 프로젝트를 강화하세요.,https://smithery.ai/server/@leogodlike/amplify,Local,,2
Tools and frameworks for building dynamic web applications and integrating real-time data,DevTools,Connect your AI assistants to external services and tools seamlessly. Enable powerful interactions and data manipulation through a robust and extensible framework. Experience a developer-friendly setup with comprehensive documentation for easy integration.,AI 어시스턴트를 외부 서비스 및 도구에 원활하게 연결하세요. 견고하고 확장 가능한 프레임워크를 통해 강력한 상호 작용과 데이터 조작을 가능하게 하세요. 포괄적인 설명서를 통해 개발자 친화적인 설정을 경험하여 쉽게 통합하세요.,https://smithery.ai/server/@DXHeroes/mcp-devtools,Local,,2
Tools and frameworks for building dynamic web applications and integrating real-time data,Resources,Building the operating system for AI,AI를 위한 운영체제 구축,https://smithery.ai/,,,2
Tools and frameworks for building dynamic web applications and integrating real-time data,Masaj,"Build dynamic web applications with ease using this Angular-based framework. Leverage powerful features like code scaffolding, unit testing, and end-to-end testing to enhance your development workflow. Start your local server and see changes in real-time as you develop your application.","이 Angular 기반 프레임워크를 사용하여 동적 웹 애플리케이션을 쉽게 빌드하세요. 코드 스캐폴딩, 단위 테스트, 엔드투엔드 테스트와 같은 강력한 기능을 활용하여 개발 워크플로를 강화하세요. 로컬 서버를 시작하고 애플리케이션을 개발하면서 실시간으로 변경 사항을 확인하세요.",https://smithery.ai/server/@bahaahani/masaj,Local,,3
Tools and frameworks for building dynamic web applications and integrating real-time data,uTools,"Enhance your applications with powerful tools and resources. Access and manipulate real-world data seamlessly, enabling dynamic interactions and improved functionality. Streamline your workflows with reusable prompts and efficient tool integrations.",강력한 도구와 리소스로 애플리케이션을 강화하세요. 실제 데이터에 원활하게 액세스하고 조작하여 동적 상호 작용과 향상된 기능을 구현하세요. 재사용 가능한 프롬프트와 효율적인 도구 통합으로 워크플로를 간소화하세요.,https://smithery.ai/server/@mognp2/utools,Local,,2
Tools and frameworks for building dynamic web applications and integrating real-time data,Guardian Hub,Enhance your applications with real-time data integration and processing capabilities. Utilize a secure and efficient platform to connect various data sources and tools seamlessly. Empower your projects with dynamic interactions and automated workflows.,실시간 데이터 통합 및 처리 기능으로 애플리케이션을 강화하세요. 안전하고 효율적인 플랫폼을 활용하여 다양한 데이터 소스와 도구를 원활하게 연결하세요. 동적 상호 작용과 자동화된 워크플로로 프로젝트를 강화하세요.,https://smithery.ai/server/@wesleysfavarin/guardian_hub,Local,,2
Tools and frameworks for building dynamic web applications and integrating real-time data,Smithery,Empower your applications with dynamic data integration and real-time context manipulation. Seamlessly connect to external resources and tools to enhance your workflows and decision-making processes. Experience a new level of interactivity and efficiency in your projects.,동적 데이터 통합 및 실시간 컨텍스트 조작으로 애플리케이션을 강화하세요. 외부 리소스 및 도구에 원활하게 연결하여 워크플로 및 의사 결정 프로세스를 개선하세요. 프로젝트에서 새로운 수준의 상호 작용과 효율성을 경험하세요.,https://smithery.ai/server/@akinoniku/smithery,Local,,2
Tools and frameworks for building dynamic web applications and integrating real-time data,Testing Server,Enhance your applications with dynamic data integration and real-time processing capabilities. Access and manipulate external resources seamlessly to enrich user interactions. Simplify complex workflows with reusable prompts and tools for efficient development.,동적 데이터 통합 및 실시간 처리 기능으로 애플리케이션을 강화하세요. 외부 리소스에 원활하게 액세스하고 조작하여 사용자 상호 작용을 풍부하게 하세요. 재사용 가능한 프롬프트와 효율적인 개발을 위한 도구로 복잡한 워크플로를 간소화하세요.,https://smithery.ai/server/@Stefano1109/testing,Local,,2
Tools and frameworks for building dynamic web applications and integrating real-time data,Custom Application,Enhance your workflows by integrating real-time data and tools seamlessly. Utilize a standardized protocol to connect your applications with external resources and actions effortlessly. Empower your agents to interact with the real world through a secure and dynamic interface.,실시간 데이터와 도구를 원활하게 통합하여 워크플로를 강화하세요. 표준화된 프로토콜을 활용하여 애플리케이션을 외부 리소스 및 작업에 손쉽게 연결하세요. 안전하고 역동적인 인터페이스를 통해 에이전트가 현실 세계와 상호 작용할 수 있도록 하세요.,https://smithery.ai/server/@Jay-sigzen/custom_app,Local,,2
Tools and frameworks for building dynamic web applications and integrating real-time data,Smithery,Empower your applications with dynamic data integration and real-time context manipulation. Seamlessly connect to external resources and tools to enhance your workflows and decision-making processes. Experience a new level of interactivity and efficiency in your projects.,동적 데이터 통합 및 실시간 컨텍스트 조작으로 애플리케이션을 강화하세요. 외부 리소스 및 도구에 원활하게 연결하여 워크플로 및 의사 결정 프로세스를 개선하세요. 프로젝트에서 새로운 수준의 상호 작용과 효율성을 경험하세요.,https://smithery.ai/server/@ahmedazizdev/smithery,Local,,2
Tools and frameworks for building dynamic web applications and integrating real-time data,Web Chat Application,Build interactive chat experiences with ease. Leverage the power of Next.js to create a responsive and dynamic web chat application that updates in real-time as you develop.,간편하게 대화형 채팅 경험을 구축하세요. Next.js의 힘을 활용하여 개발하는 동안 실시간으로 업데이트되는 반응형 동적 웹 채팅 애플리케이션을 만드세요.,https://smithery.ai/server/@WebChatAppAi/webchat,Local,,3
Tools and frameworks for building dynamic web applications and integrating real-time data,Test 2 Server,Enhance your applications with dynamic data integration and real-time processing capabilities. Access and manipulate external resources seamlessly to enrich user interactions. Simplify complex workflows with reusable prompts and tools for efficient task execution.,동적 데이터 통합 및 실시간 처리 기능으로 애플리케이션을 강화하세요. 외부 리소스에 원활하게 액세스하고 조작하여 사용자 상호 작용을 풍부하게 하세요. 재사용 가능한 프롬프트와 도구를 사용하여 복잡한 워크플로를 간소화하여 효율적인 작업 실행을 실현하세요.,https://smithery.ai/server/@afair4242/test2,Local,,2
Tools and frameworks for building dynamic web applications and integrating real-time data,Smithery,Empower your applications with dynamic data integration and real-time context manipulation. Seamlessly connect to external resources and tools to enhance your workflows and decision-making processes. Experience a new level of interactivity and efficiency in your projects.,동적 데이터 통합 및 실시간 컨텍스트 조작으로 애플리케이션을 강화하세요. 외부 리소스 및 도구에 원활하게 연결하여 워크플로 및 의사 결정 프로세스를 개선하세요. 프로젝트에서 새로운 수준의 상호 작용과 효율성을 경험하세요.,https://smithery.ai/server/@Awhitter/smithery,Local,,2
Tools and frameworks for building dynamic web applications and integrating real-time data,Jas Project,Enhance your applications with real-time data synchronization and powerful backend services. Leverage Firebase to build scalable and secure applications effortlessly. Focus on creating amazing user experiences while we handle the infrastructure.,실시간 데이터 동기화와 강력한 백엔드 서비스로 애플리케이션을 강화하세요. Firebase를 활용하여 확장 가능하고 안전한 애플리케이션을 손쉽게 구축하세요. 인프라를 처리하는 동안 놀라운 사용자 경험을 만드는 데 집중하세요.,https://smithery.ai/server/@TheEnsis/jas-project,Local,,3
Tools and frameworks for building dynamic web applications and integrating real-time data,Smithery,Empower your applications with dynamic data integration and real-time context manipulation. Seamlessly connect to external resources and tools to enhance your workflows and decision-making processes. Experience a new level of interactivity and efficiency in your projects.,동적 데이터 통합 및 실시간 컨텍스트 조작으로 애플리케이션을 강화하세요. 외부 리소스 및 도구에 원활하게 연결하여 워크플로 및 의사 결정 프로세스를 개선하세요. 프로젝트에서 새로운 수준의 상호 작용과 효율성을 경험하세요.,https://smithery.ai/server/@ginaphi/smithery,Local,,2
Tools and frameworks for building dynamic web applications and integrating real-time data,Second Opinion,Provides AI-powered assistance for coding problems using insights from multiple sources.,여러 소스에서 얻은 통찰력을 활용하여 코딩 문제에 대한 AI 기반 지원을 제공합니다.,https://smithery.ai/server/@PoliTwit1984/second-opinion-mcp-server,Local,,3
Tools and frameworks for building dynamic web applications and integrating real-time data,Slim MCP,"Provide a modular API service that integrates various tools for AI agents and automated workflows. Enhance your applications with features like weather updates, task management, and email sending through a consistent RESTful interface.","AI 에이전트와 자동화된 워크플로를 위한 다양한 도구를 통합하는 모듈식 API 서비스를 제공합니다. 일관된 RESTful 인터페이스를 통해 날씨 업데이트, 작업 관리, 이메일 전송과 같은 기능으로 애플리케이션을 강화하세요.",https://smithery.ai/server/@webdevtodayjason/slim-MCP,Local,,1
Tools and frameworks for building dynamic web applications and integrating real-time data,ToolBox,"Automate your workflows and enhance productivity with a powerful AI-driven tool development platform. Create, manage, and execute complex automation tasks seamlessly, integrating with various services like MongoDB and Redis. Experience real-time updates and zero-downtime deployments for uninterrupted operations.","강력한 AI 기반 도구 개발 플랫폼으로 워크플로를 자동화하고 생산성을 높이세요. MongoDB 및 Redis와 같은 다양한 서비스와 통합하여 복잡한 자동화 작업을 원활하게 만들고, 관리하고, 실행하세요. 중단 없는 운영을 위해 실시간 업데이트와 다운타임 없는 배포를 경험하세요.",https://smithery.ai/server/@xiaoguomeiyitian/ToolBox,Local,,2
Tools and frameworks for building dynamic web applications and integrating real-time data,Smithery,Empower your applications with dynamic data integration and real-time context manipulation. Seamlessly connect to external resources and tools to enhance your workflows and decision-making processes. Experience a new level of interactivity and efficiency in your projects.,동적 데이터 통합 및 실시간 컨텍스트 조작으로 애플리케이션을 강화하세요. 외부 리소스 및 도구에 원활하게 연결하여 워크플로 및 의사 결정 프로세스를 개선하세요. 프로젝트에서 새로운 수준의 상호 작용과 효율성을 경험하세요.,https://smithery.ai/server/@pinhunghsieh/smithery,Local,,2
Tools and frameworks for building dynamic web applications and integrating real-time data,Test Server,Integrate your applications with real-time data and tools seamlessly. Enhance your workflows by leveraging external resources and executing actions dynamically. Experience a streamlined approach to accessing and manipulating data in your projects.,실시간 데이터 및 도구와 애플리케이션을 원활하게 통합하세요. 외부 리소스를 활용하고 동적으로 작업을 실행하여 워크플로를 개선하세요. 프로젝트에서 데이터에 액세스하고 조작하는 간소화된 접근 방식을 경험하세요.,https://smithery.ai/server/@wangthes/test0314,Local,,2
Tools and frameworks for building dynamic web applications and integrating real-time data,WhiskerRAG Toolkit,Enhance your applications with powerful retrieval-augmented generation capabilities. Utilize a comprehensive toolkit for seamless integration of data sources and advanced processing methods. Simplify your development workflow with easy-to-use interfaces and robust utilities.,강력한 검색 증강 생성 기능으로 애플리케이션을 강화하세요. 데이터 소스와 고급 처리 방법을 원활하게 통합하기 위한 포괄적인 툴킷을 활용하세요. 사용하기 쉬운 인터페이스와 강력한 유틸리티로 개발 워크플로를 간소화하세요.,https://smithery.ai/server/@petercat-ai/whiskerrag_toolkit,Local,,0
Tools and frameworks for building dynamic web applications and integrating real-time data,Data Product Hackathon Server,Empower your data-driven applications with seamless integration of tools and resources. Access and manipulate real-world data effortlessly while enhancing your workflows. Experience a standardized approach to bridging language models with external contexts.,도구와 리소스를 매끄럽게 통합하여 데이터 중심 애플리케이션을 강화하세요. 워크플로를 개선하는 동시에 실제 데이터에 쉽게 액세스하고 조작하세요. 언어 모델을 외부 컨텍스트와 연결하는 표준화된 접근 방식을 경험하세요.,https://smithery.ai/server/@danoriordan/dataproducthackathon,Local,,2
Tools and frameworks for building dynamic web applications and integrating real-time data,Resources,Building the operating system for AI,AI를 위한 운영체제 구축,https://smithery.ai/,,,2
Tools and frameworks for building dynamic web applications and integrating real-time data,Smithery,Empower your applications with dynamic data integration and real-time context manipulation. Seamlessly connect to external resources and tools to enhance your workflows and decision-making processes. Experience a new level of interactivity and efficiency in your projects.,동적 데이터 통합 및 실시간 컨텍스트 조작으로 애플리케이션을 강화하세요. 외부 리소스 및 도구에 원활하게 연결하여 워크플로 및 의사 결정 프로세스를 개선하세요. 프로젝트에서 새로운 수준의 상호 작용과 효율성을 경험하세요.,https://smithery.ai/server/@sofsy-github/smithery,Local,,2
Tools and frameworks for building dynamic web applications and integrating real-time data,Conversational Application Framework,"Build conversational applications with ease. Leverage local LLMs, vector memory, and a plugin system to execute real actions seamlessly. Enhance user interactions with automatic long history summarization and multi-user support.","대화형 애플리케이션을 손쉽게 구축하세요. 로컬 LLM, 벡터 메모리, 플러그인 시스템을 활용하여 실제 작업을 원활하게 실행하세요. 자동 장기 기록 요약 및 다중 사용자 지원으로 사용자 상호 작용을 강화하세요.",https://smithery.ai/server/@eversonpereira/mcp,Local,,0
Tools and frameworks for building dynamic web applications and integrating real-time data,Smithery,"Enhance your applications with dynamic data integration and real-time context manipulation. Utilize powerful tools to interact with external resources seamlessly, enabling smarter and more responsive user experiences.",동적 데이터 통합 및 실시간 컨텍스트 조작으로 애플리케이션을 강화하세요. 강력한 도구를 활용하여 외부 리소스와 원활하게 상호 작용하여 더욱 스마트하고 반응성이 뛰어난 사용자 경험을 구현하세요.,https://smithery.ai/server/@digo-testi/mcp-smithery,Local,,2
Tools and frameworks for building dynamic web applications and integrating real-time data,h4chik1,Connect with real-world data and tools seamlessly. Enhance your applications with powerful integrations and capabilities. Experience a new level of interaction with your data and workflows.,실제 데이터와 도구를 매끄럽게 연결합니다. 강력한 통합 및 기능으로 애플리케이션을 강화합니다. 데이터와 워크플로우와의 새로운 수준의 상호 작용을 경험합니다.,https://smithery.ai/server/@h4chik1/h4chik1,Local,,2
Tools and frameworks for building dynamic web applications and integrating real-time data,BrowserTools,"Enhance your AI applications by enabling them to monitor and interact with browser data seamlessly. Capture console logs, network activity, and screenshots directly from your browser to empower your AI tools. Experience a secure, local solution that keeps your data private while providing powerful insights.","브라우저 데이터를 원활하게 모니터링하고 상호 작용할 수 있도록 하여 AI 애플리케이션을 강화하세요. 브라우저에서 직접 콘솔 로그, 네트워크 활동 및 스크린샷을 캡처하여 AI 도구를 강화하세요. 강력한 통찰력을 제공하면서 데이터를 비공개로 유지하는 안전한 로컬 솔루션을 경험하세요.",https://smithery.ai/server/@chikingsley/browser-tools-mcp,Local,,2
Tools and frameworks for building dynamic web applications and integrating real-time data,MCP Development Framework,"Create custom tools to interact with large language models effortlessly. Enhance your Cursor IDE with advanced features like web content fetching, PDF document processing, and Word document parsing. Streamline your workflow and automate tasks with ease.","대규모 언어 모델과 손쉽게 상호 작용할 수 있는 사용자 지정 도구를 만드세요. 웹 콘텐츠 페칭, PDF 문서 처리, Word 문서 구문 분석과 같은 고급 기능으로 Cursor IDE를 강화하세요. 워크플로를 간소화하고 작업을 쉽게 자동화하세요.",https://smithery.ai/server/@aigo666/mcp-framework,Remote,,2
Tools and frameworks for building dynamic web applications and integrating real-time data,Teste Server,Enhance your applications with dynamic data integration and real-time processing capabilities. Access and manipulate external resources seamlessly to enrich user interactions. Simplify complex workflows with reusable prompts and tools for efficient task execution.,동적 데이터 통합 및 실시간 처리 기능으로 애플리케이션을 강화하세요. 외부 리소스에 원활하게 액세스하고 조작하여 사용자 상호 작용을 풍부하게 하세요. 재사용 가능한 프롬프트와 도구를 사용하여 복잡한 워크플로를 간소화하여 효율적인 작업 실행을 실현하세요.,https://smithery.ai/server/@Fabiocamarg/teste2,Local,,2
Tools and frameworks for building dynamic web applications and integrating real-time data,XForceCom,Enhance your web applications with powerful features and elegant syntax. Streamline development processes and improve productivity with a robust framework designed for modern web projects.,강력한 기능과 우아한 구문으로 웹 애플리케이션을 강화하세요. 현대 웹 프로젝트를 위해 설계된 견고한 프레임워크로 개발 프로세스를 간소화하고 생산성을 개선하세요.,https://smithery.ai/server/@devmdeniz/xforcecom,Local,,0
Tools and frameworks for building dynamic web applications and integrating real-time data,Awesome MCP Server,Fetch real-time weather details and forecasts or retrieve LinkedIn profile data seamlessly. Enhance your AI models with real-world insights and data integration capabilities. Start building intelligent applications that leverage external APIs effortlessly.,실시간 날씨 세부 정보와 예보를 가져오거나 LinkedIn 프로필 데이터를 원활하게 검색하세요. 실제 통찰력과 데이터 통합 기능으로 AI 모델을 강화하세요. 외부 API를 손쉽게 활용하는 지능형 애플리케이션을 구축하세요.,https://smithery.ai/server/@AIAnytime/Awesome-MCP-Server,Local,,1
Tools and frameworks for building dynamic web applications and integrating real-time data,Dust MCP Server JS,Interact seamlessly with Dust AI agents and enhance your applications with real-time capabilities. Leverage the power of the Model Context Protocol to manage sessions and context while ensuring secure API interactions. Start building intelligent applications that respond dynamically to user input and queries.,Dust AI 에이전트와 원활하게 상호 작용하고 실시간 기능으로 애플리케이션을 강화하세요. Model Context Protocol의 힘을 활용하여 세션과 컨텍스트를 관리하고 안전한 API 상호 작용을 보장하세요. 사용자 입력 및 쿼리에 동적으로 응답하는 지능형 애플리케이션을 구축하기 시작하세요.,https://smithery.ai/server/@ma3u/mcp-dust-server,Local,,0
Tools and frameworks for building dynamic web applications and integrating real-time data,Demo Server,Integrate your applications with real-world data and tools seamlessly. Enhance your workflows by leveraging external resources and executing actions dynamically. Experience a standardized and secure way to interact with your data and services.,애플리케이션을 실제 데이터 및 도구와 원활하게 통합하세요. 외부 리소스를 활용하고 동적으로 작업을 실행하여 워크플로를 개선하세요. 데이터 및 서비스와 상호 작용하는 표준화되고 안전한 방법을 경험하세요.,https://smithery.ai/server/@jiaxi12396/demo,Local,,2
Tools and frameworks for building dynamic web applications and integrating real-time data,Testing Server,Enable seamless integration of external data and tools with your applications. Enhance your workflows by dynamically accessing resources and executing actions in real-time. Simplify your development process with standardized interactions and secure data handling.,외부 데이터와 도구를 애플리케이션과 원활하게 통합할 수 있습니다. 리소스에 동적으로 액세스하고 실시간으로 작업을 실행하여 워크플로를 개선합니다. 표준화된 상호 작용과 안전한 데이터 처리로 개발 프로세스를 간소화합니다.,https://smithery.ai/server/@Owengundam/testing,Local,,2
Tools and frameworks for building dynamic web applications and integrating real-time data,Ratelworks,Enhance your applications with powerful data integration and manipulation capabilities. Access and manage real-world data seamlessly while leveraging advanced language model functionalities. Empower your workflows with standardized tools and resources for efficient development.,강력한 데이터 통합 및 조작 기능으로 애플리케이션을 강화하세요. 고급 언어 모델 기능을 활용하면서 실제 데이터에 원활하게 액세스하고 관리하세요. 효율적인 개발을 위한 표준화된 도구와 리소스로 워크플로를 강화하세요.,https://smithery.ai/server/@ratelworks/ratelworks,Local,,2
Tools and frameworks for building dynamic web applications and integrating real-time data,Convex,"Build and scale dynamic live-updating apps effortlessly. Leverage a reactive database and server functions written in TypeScript to manage data and business logic with strong consistency. Focus on your application without worrying about infrastructure, thanks to our cloud platform and self-hosting options.",동적 라이브 업데이트 앱을 손쉽게 빌드하고 확장하세요. TypeScript로 작성된 반응형 데이터베이스와 서버 기능을 활용하여 강력한 일관성으로 데이터와 비즈니스 로직을 관리하세요. 클라우드 플랫폼과 셀프 호스팅 옵션 덕분에 인프라에 대한 걱정 없이 애플리케이션에 집중하세요.,https://smithery.ai/server/@get-convex/convex-backend,Local,,3
Tools and frameworks for building dynamic web applications and integrating real-time data,Smithery,Empower your applications with dynamic data integration and real-time context manipulation. Seamlessly connect to external resources and tools to enhance your workflows and decision-making processes. Experience a new level of interactivity and efficiency in your projects.,동적 데이터 통합 및 실시간 컨텍스트 조작으로 애플리케이션을 강화하세요. 외부 리소스 및 도구에 원활하게 연결하여 워크플로 및 의사 결정 프로세스를 개선하세요. 프로젝트에서 새로운 수준의 상호 작용과 효율성을 경험하세요.,https://smithery.ai/server/@ginaphi/smithery-mcp,Local,,2
Tools and frameworks for building dynamic web applications and integrating real-time data,Vue.js,Build interactive user interfaces with ease. Leverage a flexible and powerful framework to create dynamic web applications that enhance user experience. Join a vibrant community and access a wealth of resources to accelerate your development process.,쉽게 대화형 사용자 인터페이스를 구축하세요. 유연하고 강력한 프레임워크를 활용하여 사용자 경험을 향상시키는 동적 웹 애플리케이션을 만드세요. 활기찬 커뮤니티에 가입하고 풍부한 리소스에 액세스하여 개발 프로세스를 가속화하세요.,https://smithery.ai/server/@RohitHadiya7/core,Local,,0
Tools and frameworks for building dynamic web applications and integrating real-time data,Smithery MCP,Enhance your applications with dynamic data integration and real-time context manipulation. Utilize powerful tools and resources to streamline workflows and improve user interactions. Experience seamless integration with external APIs and data sources for enriched functionality.,동적 데이터 통합 및 실시간 컨텍스트 조작으로 애플리케이션을 강화하세요. 강력한 도구와 리소스를 활용하여 워크플로를 간소화하고 사용자 상호 작용을 개선하세요. 풍부한 기능을 위해 외부 API 및 데이터 소스와의 원활한 통합을 경험하세요.,https://smithery.ai/server/@Thump-Digital-Media/smitherymcp,Local,,2
Tools and frameworks for building dynamic web applications and integrating real-time data,KKJSBridge,"Streamline your WKWebView experience by enabling offline packages, Ajax requests, and cookie synchronization. Enhance your app's web interactions with modular JSAPI management and seamless context sharing. Control Ajax hooks from both Native and H5 sides for a robust integration.","오프라인 패키지, Ajax 요청 및 쿠키 동기화를 활성화하여 WKWebView 경험을 간소화하세요. 모듈식 JSAPI 관리 및 원활한 컨텍스트 공유로 앱의 웹 상호 작용을 강화하세요. 견고한 통합을 위해 네이티브 및 H5 측에서 Ajax 후크를 제어하세요.",https://smithery.ai/server/@Cooooper/kkjsbridge,Local,,0
Tools and frameworks for building dynamic web applications and integrating real-time data,FlashJobs,"Kickstart your job application process with a preconfigured Rails template. Streamline development with built-in tools and dependencies, allowing you to focus on building features rather than setup. Get started quickly and efficiently with a robust foundation for your Rails applications.",미리 구성된 Rails 템플릿으로 구직 신청 프로세스를 시작하세요. 기본 제공 도구와 종속성으로 개발을 간소화하여 설정보다는 기능 구축에 집중할 수 있습니다. Rails 애플리케이션을 위한 견고한 기반으로 빠르고 효율적으로 시작하세요.,https://smithery.ai/server/@FlashJobsApp/flashjobs,Local,,3
Tools and frameworks for building dynamic web applications and integrating real-time data,Teste Server,Enhance your applications with dynamic data integration and real-time processing capabilities. Access and manipulate external resources seamlessly to enrich user interactions. Empower your agents with the ability to execute actions and retrieve data on demand.,동적 데이터 통합 및 실시간 처리 기능으로 애플리케이션을 강화하세요. 외부 리소스에 원활하게 액세스하고 조작하여 사용자 상호 작용을 풍부하게 하세요. 에이전트에게 작업을 실행하고 필요에 따라 데이터를 검색할 수 있는 기능을 제공하세요.,https://smithery.ai/server/@Fabiocamarg/teste,Local,,2
Tools and frameworks for building dynamic web applications and integrating real-time data,Resources,Building the operating system for AI,AI를 위한 운영체제 구축,https://smithery.ai/,,,2
Tools and frameworks for building dynamic web applications and integrating real-time data,MCP Server,"Integrate your applications with real-world data and tools seamlessly. Access files, databases, and APIs while leveraging the power of language models to enhance your workflows. Simplify complex interactions and automate tasks with a standardized protocol.","애플리케이션을 실제 데이터 및 도구와 원활하게 통합합니다. 언어 모델의 힘을 활용하여 워크플로를 개선하면서 파일, 데이터베이스 및 API에 액세스합니다. 표준화된 프로토콜로 복잡한 상호 작용을 간소화하고 작업을 자동화합니다.",https://smithery.ai/server/@zj669/zj669,Local,,2
Tools and frameworks for building dynamic web applications and integrating real-time data,mcp-demo,Enhance your applications with dynamic integration of external data and tools. Utilize a standardized protocol to interact with real-world resources and actions seamlessly. Empower your agents to reference and manipulate data securely and efficiently.,외부 데이터와 도구를 동적으로 통합하여 애플리케이션을 강화하세요. 표준화된 프로토콜을 활용하여 실제 리소스와 작업과 원활하게 상호 작용하세요. 에이전트가 데이터를 안전하고 효율적으로 참조하고 조작할 수 있도록 지원하세요.,https://smithery.ai/server/@boompieman/mcp_server_demo,Local,,2
Tools and frameworks for building dynamic web applications and integrating real-time data,Testing Server,"Enhance your applications with dynamic data integration and real-time processing capabilities. Utilize our server to seamlessly connect your language models with external resources and tools, enabling smarter interactions and data manipulation. Experience a new level of efficiency and functionality in your projects.",동적 데이터 통합 및 실시간 처리 기능으로 애플리케이션을 강화하세요. 당사의 서버를 활용하여 언어 모델을 외부 리소스 및 도구와 원활하게 연결하여 보다 스마트한 상호 작용과 데이터 조작을 가능하게 하세요. 프로젝트에서 새로운 수준의 효율성과 기능을 경험하세요.,https://smithery.ai/server/@innovsm/testing,Local,,2
Tools and frameworks for building dynamic web applications and integrating real-time data,YDB,"Leverage a distributed SQL database designed for high availability and scalability. Experience seamless ACID transactions and strict consistency, making it ideal for interactive web services. Build robust applications with automatic disaster recovery and horizontal scalability to handle increasing loads effortlessly.",고가용성 및 확장성을 위해 설계된 분산 SQL 데이터베이스를 활용하세요. 원활한 ACID 트랜잭션과 엄격한 일관성을 경험하여 대화형 웹 서비스에 이상적입니다. 자동 재해 복구 및 수평 확장성을 갖춘 강력한 애플리케이션을 구축하여 증가하는 부하를 손쉽게 처리하세요.,https://smithery.ai/server/@chenxiaohui/ydb,Local,,3
Tools and frameworks for building dynamic web applications and integrating real-time data,Ajiao,Enhance your applications with powerful data integration and manipulation capabilities. Seamlessly connect to various data sources and tools to enrich your workflows. Empower your agents to interact with real-world data effortlessly.,강력한 데이터 통합 및 조작 기능으로 애플리케이션을 강화하세요. 다양한 데이터 소스 및 도구에 원활하게 연결하여 워크플로를 풍부하게 하세요. 에이전트가 실제 데이터와 손쉽게 상호 작용할 수 있도록 지원하세요.,https://smithery.ai/server/@ajiaoui/ajiao,Local,,2
Tools and frameworks for building dynamic web applications and integrating real-time data,Test Server,Enhance your applications with dynamic data integration and real-time processing capabilities. Access and manipulate external resources seamlessly to enrich user interactions. Simplify complex workflows with reusable prompts and tools for efficient task execution.,동적 데이터 통합 및 실시간 처리 기능으로 애플리케이션을 강화하세요. 외부 리소스에 원활하게 액세스하고 조작하여 사용자 상호 작용을 풍부하게 하세요. 재사용 가능한 프롬프트와 도구를 사용하여 복잡한 워크플로를 간소화하여 효율적인 작업 실행을 실현하세요.,https://smithery.ai/server/@xiangtaotao789/test,Local,,2
Tools and frameworks for building dynamic web applications and integrating real-time data,AI Integration Server,Enhance your applications with intelligent responses and data manipulation capabilities. Seamlessly connect to various data sources and tools to enrich user interactions and automate tasks. Experience the power of AI in your workflows with ease and efficiency.,지능형 응답 및 데이터 조작 기능으로 애플리케이션을 강화하세요. 다양한 데이터 소스 및 도구에 원활하게 연결하여 사용자 상호 작용을 풍부하게 하고 작업을 자동화하세요. 워크플로에서 AI의 힘을 쉽고 효율적으로 경험하세요.,https://smithery.ai/server/@sabrikuc/ai,Local,,2
Tools and frameworks for building dynamic web applications and integrating real-time data,MCP Server,"Integrate your applications with real-world data and tools seamlessly. Access files, databases, and APIs while leveraging the power of language models to enhance your workflows. Simplify complex interactions and automate tasks with a standardized protocol.","애플리케이션을 실제 데이터 및 도구와 원활하게 통합합니다. 언어 모델의 힘을 활용하여 워크플로를 개선하면서 파일, 데이터베이스 및 API에 액세스합니다. 표준화된 프로토콜로 복잡한 상호 작용을 간소화하고 작업을 자동화합니다.",https://smithery.ai/server/@dlwfeng/dlwfeng-github-io,Local,,2
Tools and frameworks for building dynamic web applications and integrating real-time data,Data Wrangling,"Streamline your data preprocessing, transformation, and analysis tasks with this powerful tool. Integrate data wrangling operations seamlessly into your workflows, enhancing efficiency and accuracy. Empower your data-driven decisions with standardized operations in the MCP ecosystem.","이 강력한 도구로 데이터 전처리, 변환 및 분석 작업을 간소화하세요. 데이터 정리 작업을 워크플로에 원활하게 통합하여 효율성과 정확성을 향상하세요. MCP 생태계에서 표준화된 작업으로 데이터 기반 의사 결정을 강화하세요.",https://smithery.ai/server/@shibuiwilliam/mcp-server-data-wrangler,Local,,2
Tools and frameworks for building dynamic web applications and integrating real-time data,MCP Server,Integrate your applications with real-world data and tools seamlessly. Enhance your LLM capabilities by allowing them to interact with external resources and perform actions dynamically. Experience a standardized and secure way to bridge your models with various data sources.,실제 데이터 및 도구와 애플리케이션을 원활하게 통합합니다. 외부 리소스와 상호 작용하고 동적으로 작업을 수행할 수 있도록 하여 LLM 역량을 강화합니다. 다양한 데이터 소스와 모델을 연결하는 표준화되고 안전한 방법을 경험하세요.,https://smithery.ai/server/@spekrealism/mcp-server,Local,,2
Tools and frameworks for building dynamic web applications and integrating real-time data,Longhez,"Enhance your applications with powerful data integration and manipulation capabilities. Seamlessly connect to various data sources and tools, enabling your agents to perform complex tasks effortlessly. Unlock the potential of your workflows with standardized interactions and real-time data access.",강력한 데이터 통합 및 조작 기능으로 애플리케이션을 강화하세요. 다양한 데이터 소스 및 도구에 원활하게 연결하여 에이전트가 복잡한 작업을 손쉽게 수행할 수 있도록 하세요. 표준화된 상호 작용 및 실시간 데이터 액세스로 워크플로의 잠재력을 활용하세요.,https://smithery.ai/server/@longhez21/longhez,Local,,2
Tools and frameworks for building dynamic web applications and integrating real-time data,AI Project Server,Enhance your applications with intelligent responses and data manipulation capabilities. Leverage advanced language models to interact with real-world data and tools seamlessly. Empower your projects with dynamic integrations and efficient workflows.,지능형 응답 및 데이터 조작 기능으로 애플리케이션을 강화하세요. 고급 언어 모델을 활용하여 실제 데이터 및 도구와 원활하게 상호 작용하세요. 동적 통합 및 효율적인 워크플로로 프로젝트를 강화하세요.,https://smithery.ai/server/@danhuaxiansheng/ai-project,Local,,2
Tools and frameworks for building dynamic web applications and integrating real-time data,BrowserTools,"Enhance your AI applications with powerful browser monitoring and interaction capabilities. Capture and analyze browser data seamlessly through a Chrome extension, enabling your AI tools to provide actionable insights without leaving your IDE. Run comprehensive audits for accessibility, performance, SEO, and best practices effortlessly.","강력한 브라우저 모니터링 및 상호 작용 기능으로 AI 애플리케이션을 강화하세요. Chrome 확장 프로그램을 통해 브라우저 데이터를 원활하게 캡처하고 분석하여 AI 도구가 IDE를 벗어나지 않고도 실행 가능한 통찰력을 제공할 수 있습니다. 접근성, 성능, SEO 및 모범 사례에 대한 포괄적인 감사를 손쉽게 실행하세요.",https://smithery.ai/server/@oenius/browser-tools-mcp,Local,,2
Tools and frameworks for building dynamic web applications and integrating real-time data,MCP_01,Develop and enhance your applications with powerful context integration capabilities. Leverage real-world data and tools seamlessly to improve user interactions and functionality. Empower your agents to perform complex tasks with ease and efficiency.,강력한 컨텍스트 통합 기능으로 애플리케이션을 개발하고 개선하세요. 실제 데이터와 도구를 원활하게 활용하여 사용자 상호작용과 기능을 개선하세요. 에이전트가 복잡한 작업을 쉽고 효율적으로 수행할 수 있도록 지원하세요.,https://smithery.ai/server/@sedaily/mcp_01,Local,,2
Tools and frameworks for building dynamic web applications and integrating real-time data,CC Server,Enhance your applications with dynamic data integration and real-time processing capabilities. Access and manipulate external resources seamlessly to enrich user interactions and automate workflows. Empower your agents to perform complex tasks with ease and efficiency.,동적 데이터 통합 및 실시간 처리 기능으로 애플리케이션을 강화하세요. 외부 리소스에 원활하게 액세스하고 조작하여 사용자 상호 작용을 풍부하게 하고 워크플로를 자동화하세요. 에이전트가 복잡한 작업을 쉽고 효율적으로 수행할 수 있도록 지원하세요.,https://smithery.ai/server/@ccbingyi/cc,Local,,2
Tools and frameworks for building dynamic web applications and integrating real-time data,MCP Server,"Integrate your applications with real-world data and tools seamlessly. Access files, databases, and APIs while leveraging the power of language models to enhance your workflows. Simplify complex interactions and automate tasks with a standardized protocol.","애플리케이션을 실제 데이터 및 도구와 원활하게 통합하세요. 언어 모델의 힘을 활용하여 워크플로를 개선하면서 파일, 데이터베이스 및 API에 액세스하세요. 표준화된 프로토콜로 복잡한 상호작용을 간소화하고 작업을 자동화하세요.",https://smithery.ai/server/@970319330/w970319330,Local,,2
Tools and frameworks for building dynamic web applications and integrating real-time data,FastAPI Server with MCP SSE,Integrate real-time data streaming into your applications using Server-Sent Events. Leverage the Model Context Protocol to connect AI models with external tools and data sources seamlessly. Enhance your FastAPI applications with customizable routes and robust functionality.,Server-Sent Events를 사용하여 실시간 데이터 스트리밍을 애플리케이션에 통합합니다. Model Context Protocol을 활용하여 AI 모델을 외부 도구 및 데이터 소스와 원활하게 연결합니다. 사용자 정의 가능한 경로와 강력한 기능으로 FastAPI 애플리케이션을 강화합니다.,https://smithery.ai/server/@panz2018/fastapi_mcp_sse,Local,,2
Tools and frameworks for building dynamic web applications and integrating real-time data,KOR Thomas Jeong Server,Enhance your applications with dynamic data integration and real-time processing capabilities. Access and manipulate external resources seamlessly to enrich user interactions and automate workflows. Leverage standardized tools and prompts to streamline development and improve efficiency.,동적 데이터 통합 및 실시간 처리 기능으로 애플리케이션을 강화하세요. 외부 리소스에 원활하게 액세스하고 조작하여 사용자 상호 작용을 풍부하게 하고 워크플로를 자동화하세요. 표준화된 도구와 프롬프트를 활용하여 개발을 간소화하고 효율성을 개선하세요.,https://smithery.ai/server/@KORThomasJeong/korthomasjeong,Local,,2
Tools and frameworks for building dynamic web applications and integrating real-time data,h4chik1,Connect with real-world data and tools seamlessly. Enhance your applications with powerful integrations and capabilities that streamline your workflow.,실제 데이터와 도구를 매끄럽게 연결합니다. 워크플로를 간소화하는 강력한 통합 및 기능으로 애플리케이션을 강화합니다.,https://smithery.ai/server/@h4chik1/supabase-mcp-server,Local,,2
Tools and frameworks for building dynamic web applications and integrating real-time data,MCP Server,"Integrate your applications with real-world data and tools seamlessly. Access files, databases, and APIs while leveraging the power of language models to enhance your workflows. Simplify complex interactions and automate tasks with a standardized protocol.","애플리케이션을 실제 데이터 및 도구와 원활하게 통합하세요. 언어 모델의 힘을 활용하여 워크플로를 개선하면서 파일, 데이터베이스 및 API에 액세스하세요. 표준화된 프로토콜로 복잡한 상호작용을 간소화하고 작업을 자동화하세요.",https://smithery.ai/server/@alessandrotubini/mcp-tubini,Local,,2
Tools and frameworks for building dynamic web applications and integrating real-time data,Resources,Building the operating system for AI,AI를 위한 운영체제 구축,https://smithery.ai/,,,2
Tools and frameworks for building dynamic web applications and integrating real-time data,Ratelworks,Enhance your applications with powerful data integration and manipulation capabilities. Access and manage real-world data seamlessly while leveraging advanced tools for your workflows. Empower your agents to interact with external resources effortlessly.,강력한 데이터 통합 및 조작 기능으로 애플리케이션을 강화하세요. 워크플로에 고급 도구를 활용하면서 실제 데이터에 원활하게 액세스하고 관리하세요. 에이전트가 외부 리소스와 손쉽게 상호 작용할 수 있도록 지원하세요.,https://smithery.ai/server/@ratelworks/appscript,Local,,2
Tools and frameworks for building dynamic web applications and integrating real-time data,thirdweb MCP Server,"Integrate thirdweb's blockchain tools and services seamlessly with any MCP-compatible client. Access real-time on-chain analysis, smart contract interactions, and blockchain data insights effortlessly. Enhance your applications with powerful blockchain capabilities using a unified interface.","thirdweb의 블록체인 도구와 서비스를 모든 MCP 호환 클라이언트와 원활하게 통합하세요. 실시간 온체인 분석, 스마트 계약 상호작용 및 블록체인 데이터 통찰력에 손쉽게 액세스하세요. 통합 인터페이스를 사용하여 강력한 블록체인 기능으로 애플리케이션을 강화하세요.",https://smithery.ai/server/@thirdweb-dev/ai,Local,,2
Tools and frameworks for building dynamic web applications and integrating real-time data,BuiltWith API Integration Server,Query website technology stacks effortlessly. Get detailed insights about the technologies used by any domain and explore categorized technology stacks. Enhance your AI assistant's capabilities with real-time data from the BuiltWith API.,웹사이트 기술 스택을 손쉽게 쿼리하세요. 모든 도메인에서 사용하는 기술에 대한 자세한 통찰력을 얻고 분류된 기술 스택을 탐색하세요. BuiltWith API의 실시간 데이터로 AI 어시스턴트의 역량을 강화하세요.,https://smithery.ai/server/@Cyreslab-AI/builtwith-mcp-server,Local,,1
Tools and frameworks for building dynamic web applications and integrating real-time data,AIGC MVP,Deploy a powerful web application with integrated AI capabilities. Simplify your development process with a robust backend and modern frontend tools. Enhance your projects with seamless database management and secure hosting.,통합된 AI 기능을 갖춘 강력한 웹 애플리케이션을 배포하세요. 견고한 백엔드와 현대적인 프런트엔드 도구로 개발 프로세스를 간소화하세요. 원활한 데이터베이스 관리와 안전한 호스팅으로 프로젝트를 강화하세요.,https://smithery.ai/server/@mlytics/mlytics,Local,,0
Tools and frameworks for building dynamic web applications and integrating real-time data,BrowserTools,"Enhance your AI tools with powerful browser monitoring and interaction capabilities. Capture and analyze browser data seamlessly through a Chrome extension, enabling your AI applications to perform audits and optimizations directly from your IDE. Experience improved performance, accessibility, and SEO insights without leaving your development environment.","강력한 브라우저 모니터링 및 상호 작용 기능으로 AI 도구를 강화하세요. Chrome 확장 프로그램을 통해 브라우저 데이터를 원활하게 캡처하고 분석하여 AI 애플리케이션이 IDE에서 직접 감사 및 최적화를 수행할 수 있도록 합니다. 개발 환경을 벗어나지 않고도 향상된 성능, 접근성 및 SEO 통찰력을 경험하세요.",https://smithery.ai/server/@Sugatraj/Cursor-Browser-Tools-MCP,Local,,2
