search_query,name,description,ì„¤ëª…,url,type,usage_count,topic
web search,Tavily MCP Server,Enable real-time web search and data extraction capabilities.,ì‹¤ì‹œê°„ ì›¹ ê²€ìƒ‰ ë° ë°ì´í„° ì¶”ì¶œ ê¸°ëŠ¥ì„ í™œì„±í™”í•©ë‹ˆë‹¤.,https://smithery.ai/server/@tavily-ai/tavily-mcp,Remote,6.69k,1
web search,Perplexity Search,Enable AI assistants to perform web searches using Perplexity's Sonar Pro.,Perplexityì˜ Sonar Proë¥¼ ì‚¬ìš©í•˜ì—¬ AI ë¹„ì„œê°€ ì›¹ ê²€ìƒ‰ì„ ìˆ˜í–‰í•˜ë„ë¡ í•˜ì„¸ìš”.,https://smithery.ai/server/@arjunkmrm/perplexity-search,Remote,51.59k,1
web search,Perplexity Deep Research,"Enable AI assistants to perform web searches using Perplexity's Deep Research. Note: depending on the client, you might run into connection timeout depending on how long it takes to get response from deep research API. I'm exploring workarounds for this.",AI ì–´ì‹œìŠ¤í„´íŠ¸ê°€ Perplexityì˜ Deep Researchë¥¼ ì‚¬ìš©í•˜ì—¬ ì›¹ ê²€ìƒ‰ì„ ìˆ˜í–‰í•˜ë„ë¡ í•©ë‹ˆë‹¤. ì°¸ê³ : í´ë¼ì´ì–¸íŠ¸ì— ë”°ë¼ deep research APIì—ì„œ ì‘ë‹µì„ ë°›ëŠ” ë° ê±¸ë¦¬ëŠ” ì‹œê°„ì— ë”°ë¼ ì—°ê²° ì‹œê°„ ì´ˆê³¼ê°€ ë°œìƒí•  ìˆ˜ ìˆìŠµë‹ˆë‹¤. ì´ì— ëŒ€í•œ í•´ê²° ë°©ë²•ì„ ëª¨ìƒ‰ ì¤‘ì…ë‹ˆë‹¤.,https://smithery.ai/server/@arjunkmrm/perplexity-deep-research,Remote,5.74k,1
web search,Tavily,An MCP server for Tavily's search API providing AI-powered web search capabilities.,AI ê¸°ë°˜ ì›¹ ê²€ìƒ‰ ê¸°ëŠ¥ì„ ì œê³µí•˜ëŠ” Tavilyì˜ ê²€ìƒ‰ APIë¥¼ ìœ„í•œ MCP ì„œë²„ì…ë‹ˆë‹¤.,https://smithery.ai/server/mcp-tavily,Remote,4.25k,1
web search,Jina AI,"Provides access to Jina AI's web services through Claude, including web page reading, web search, and fact checking.","Claudeë¥¼ í†µí•´ ì›¹ í˜ì´ì§€ ì½ê¸°, ì›¹ ê²€ìƒ‰, ì‚¬ì‹¤ í™•ì¸ ë“± Jina AIì˜ ì›¹ ì„œë¹„ìŠ¤ì— ëŒ€í•œ ì•¡ì„¸ìŠ¤ë¥¼ ì œê³µí•©ë‹ˆë‹¤.",https://smithery.ai/server/jina-ai-mcp-server,Remote,4.04k,1
web search,Serper Search and Scrape,"A TypeScript-based MCP server that provides web search and webpage scraping capabilities using the Serper API. This server integrates with Cursor, Cline, Claude Desktop, and any MCP-compatible client to enable powerful web search and content extraction features in one convenient package.","Serper APIë¥¼ ì‚¬ìš©í•˜ì—¬ ì›¹ ê²€ìƒ‰ ë° ì›¹í˜ì´ì§€ ìŠ¤í¬ë˜í•‘ ê¸°ëŠ¥ì„ ì œê³µí•˜ëŠ” TypeScript ê¸°ë°˜ MCP ì„œë²„ì…ë‹ˆë‹¤. ì´ ì„œë²„ëŠ” Cursor, Cline, Claude Desktop ë° ëª¨ë“  MCP í˜¸í™˜ í´ë¼ì´ì–¸íŠ¸ì™€ í†µí•©ë˜ì–´ ê°•ë ¥í•œ ì›¹ ê²€ìƒ‰ ë° ì½˜í…ì¸  ì¶”ì¶œ ê¸°ëŠ¥ì„ í•˜ë‚˜ì˜ í¸ë¦¬í•œ íŒ¨í‚¤ì§€ë¡œ ì œê³µí•©ë‹ˆë‹¤.",https://smithery.ai/server/@marcopesani/mcp-server-serper,Remote,3.38k,1
web search,Web Research Server,"Integrate real-time web research capabilities into your workflow. Conduct thorough research with tools for searching, content extraction, and session tracking.","ì‹¤ì‹œê°„ ì›¹ ë¦¬ì„œì¹˜ ê¸°ëŠ¥ì„ ì›Œí¬í”Œë¡œì— í†µí•©í•©ë‹ˆë‹¤. ê²€ìƒ‰, ì½˜í…ì¸  ì¶”ì¶œ ë° ì„¸ì…˜ ì¶”ì ì„ ìœ„í•œ ë„êµ¬ë¡œ ì² ì €í•œ ë¦¬ì„œì¹˜ë¥¼ ìˆ˜í–‰í•©ë‹ˆë‹¤.",https://smithery.ai/server/@chuanmingliu/mcp-webresearch,Remote,3.13k,1
web search,Exa Search,"Fast, intelligent web search and crawling.
 

 Exa combines embeddings and traditional search to deliver the best results for LLMs.","ë¹ ë¥´ê³  ì§€ëŠ¥ì ì¸ ì›¹ ê²€ìƒ‰ ë° í¬ë¡¤ë§.

ExaëŠ” ì„ë² ë”©ê³¼ ê¸°ì¡´ ê²€ìƒ‰ì„ ê²°í•©í•˜ì—¬ LLMì—ê²Œ ìµœìƒì˜ ê²°ê³¼ë¥¼ ì œê³µí•©ë‹ˆë‹¤.",https://smithery.ai/server/exa,Remote,26.14k,2
web search,Web Research Server,"Bring real-time info into your conversations and easily research any topic. Utilize Google search integration, webpage content extraction, and session tracking to enhance your research capabilities. Capture screenshots and maintain a comprehensive record of your research sessions for better insights.","ì‹¤ì‹œê°„ ì •ë³´ë¥¼ ëŒ€í™”ì— ê°€ì ¸ì˜¤ê³  ëª¨ë“  ì£¼ì œë¥¼ ì‰½ê²Œ ì¡°ì‚¬í•˜ì„¸ìš”. Google ê²€ìƒ‰ í†µí•©, ì›¹í˜ì´ì§€ ì½˜í…ì¸  ì¶”ì¶œ ë° ì„¸ì…˜ ì¶”ì ì„ í™œìš©í•˜ì—¬ ì¡°ì‚¬ ì—­ëŸ‰ì„ ê°•í™”í•˜ì„¸ìš”. ìŠ¤í¬ë¦°ìƒ·ì„ ìº¡ì²˜í•˜ê³  ì¡°ì‚¬ ì„¸ì…˜ì— ëŒ€í•œ í¬ê´„ì ì¸ ê¸°ë¡ì„ ìœ ì§€í•˜ì—¬ ë” ë‚˜ì€ í†µì°°ë ¥ì„ ì–»ìœ¼ì„¸ìš”.",https://smithery.ai/server/@oneshot-engineering/mcp-webresearch,Remote,2.48k,1
web search,Brave Search,Integrate web search and local search capabilities with Brave.,Braveì— ì›¹ ê²€ìƒ‰ê³¼ ë¡œì»¬ ê²€ìƒ‰ ê¸°ëŠ¥ì„ í†µí•©í•˜ì„¸ìš”.,https://smithery.ai/server/@smithery-ai/brave-search,Remote,155.66k,1
web search,DuckDuckGo Search Server,Enable web search capabilities through DuckDuckGo. Fetch and parse webpage content intelligently for enhanced LLM interaction.,DuckDuckGoë¥¼ í†µí•´ ì›¹ ê²€ìƒ‰ ê¸°ëŠ¥ì„ í™œì„±í™”í•©ë‹ˆë‹¤. í–¥ìƒëœ LLM ìƒí˜¸ ì‘ìš©ì„ ìœ„í•´ ì›¹ í˜ì´ì§€ ì½˜í…ì¸ ë¥¼ ì§€ëŠ¥ì ìœ¼ë¡œ í˜ì¹˜í•˜ê³  êµ¬ë¬¸ ë¶„ì„í•©ë‹ˆë‹¤.,https://smithery.ai/server/@nickclyde/duckduckgo-mcp-server,Remote,14.41k,0
web search,Google Search Server,Leverage Google Custom Search to enhance your applications with powerful search capabilities. Easily integrate and retrieve search results from Google directly within your environment. Start building smarter applications that can access the vast information available on the web.,Google Custom Searchë¥¼ í™œìš©í•˜ì—¬ ê°•ë ¥í•œ ê²€ìƒ‰ ê¸°ëŠ¥ìœ¼ë¡œ ì• í”Œë¦¬ì¼€ì´ì…˜ì„ ê°•í™”í•˜ì„¸ìš”. í™˜ê²½ ë‚´ì—ì„œ Googleì—ì„œ ê²€ìƒ‰ ê²°ê³¼ë¥¼ ì‰½ê²Œ í†µí•©í•˜ê³  ê²€ìƒ‰í•˜ì„¸ìš”. ì›¹ì—ì„œ ì œê³µë˜ëŠ” ë°©ëŒ€í•œ ì •ë³´ì— ì•¡ì„¸ìŠ¤í•  ìˆ˜ ìˆëŠ” ë” ìŠ¤ë§ˆíŠ¸í•œ ì• í”Œë¦¬ì¼€ì´ì…˜ì„ êµ¬ì¶•í•˜ì„¸ìš”.,https://smithery.ai/server/@gradusnikov/google-search-mcp-server,Remote,1.10k,3
web search,Resources,Building the operating system for AI,AIë¥¼ ìœ„í•œ ìš´ì˜ì²´ì œ êµ¬ì¶•,https://smithery.ai/,,,0
web search,Serper Search and Scrape,Enable powerful web search and content extraction capabilities. Perform web searches and scrape webpage content seamlessly to enhance your applications with real-time data.,ê°•ë ¥í•œ ì›¹ ê²€ìƒ‰ ë° ì½˜í…ì¸  ì¶”ì¶œ ê¸°ëŠ¥ì„ í™œì„±í™”í•©ë‹ˆë‹¤. ì›¹ ê²€ìƒ‰ì„ ìˆ˜í–‰í•˜ê³  ì›¹í˜ì´ì§€ ì½˜í…ì¸ ë¥¼ ì›í™œí•˜ê²Œ ìŠ¤í¬ë˜í•‘í•˜ì—¬ ì‹¤ì‹œê°„ ë°ì´í„°ë¡œ ì• í”Œë¦¬ì¼€ì´ì…˜ì„ ê°•í™”í•©ë‹ˆë‹¤.,https://smithery.ai/server/@tahaswx/mcp-server-serper-test,Remote,,1
web search,Exa MCP,Enable AI assistants to perform web searches using Exa's powerful search API.,Exaì˜ ê°•ë ¥í•œ ê²€ìƒ‰ APIë¥¼ ì‚¬ìš©í•˜ì—¬ AI ë„ìš°ë¯¸ê°€ ì›¹ ê²€ìƒ‰ì„ ìˆ˜í–‰í•˜ë„ë¡ í•˜ì„¸ìš”.,https://smithery.ai/server/@MrunmayS/exa-mcp-server,Remote,,1
web search,Kagi Search,"Access Kagi's powerful search engine functionality. Enables web searches with high-quality, ad-free results from Kagi's search API.",Kagiì˜ ê°•ë ¥í•œ ê²€ìƒ‰ ì—”ì§„ ê¸°ëŠ¥ì— ì•¡ì„¸ìŠ¤í•˜ì„¸ìš”. Kagiì˜ ê²€ìƒ‰ APIì—ì„œ ê³ í’ˆì§ˆì˜ ê´‘ê³  ì—†ëŠ” ê²°ê³¼ë¡œ ì›¹ ê²€ìƒ‰ì„ ê°€ëŠ¥í•˜ê²Œ í•©ë‹ˆë‹¤.,https://smithery.ai/server/kagi-server,Remote,,1
web search,JigsawStack AI Web Search,Effortlessly search the Web and get access to high-quality results powered with AI. Learn more about this API here: https://jigsawstack.com/docs/api-reference/web/ai-search Get your jigsawstack API key here: https://jigsawstack.com/dashboard/,ì›¹ì„ ì†ì‰½ê²Œ ê²€ìƒ‰í•˜ê³  AIë¡œ êµ¬ë™ë˜ëŠ” ê³ í’ˆì§ˆ ê²°ê³¼ì— ì•¡ì„¸ìŠ¤í•˜ì„¸ìš”. ì´ APIì— ëŒ€í•œ ìì„¸í•œ ë‚´ìš©ì€ ì—¬ê¸°ì—ì„œ í™•ì¸í•˜ì„¸ìš”: https://jigsawstack.com/docs/api-reference/web/ai-search ì—¬ê¸°ì—ì„œ jigsawstack API í‚¤ë¥¼ ë°›ìœ¼ì„¸ìš”: https://jigsawstack.com/dashboard/,https://smithery.ai/server/@JigsawStack/ai-web-search,Remote,,1
web search,RAG Web Browser Server,"This server allows AI models to perform web searches and scrape content, returning it in Markdown format via the RAG Web Browser Actor.",ì´ ì„œë²„ë¥¼ ì‚¬ìš©í•˜ë©´ AI ëª¨ë¸ì´ ì›¹ ê²€ìƒ‰ì„ ìˆ˜í–‰í•˜ê³  ì½˜í…ì¸ ë¥¼ ìŠ¤í¬ë˜í•‘í•˜ì—¬ RAG ì›¹ ë¸Œë¼ìš°ì € ì•¡í„°ë¥¼ í†µí•´ ë§ˆí¬ë‹¤ìš´ í˜•ì‹ìœ¼ë¡œ ë°˜í™˜í•  ìˆ˜ ìˆìŠµë‹ˆë‹¤.,https://smithery.ai/server/mcp-server-rag-web-browser,Remote,,1
web search,Kagi,Access Kagi Search API for retrieving information from the web.,ì›¹ì—ì„œ ì •ë³´ë¥¼ ê²€ìƒ‰í•˜ê¸° ìœ„í•´ Kagi Search APIì— ì ‘ì†í•©ë‹ˆë‹¤.,https://smithery.ai/server/kagimcp,Remote,,2
web search,WebSearch,"Enable your AI assistants to perform real-time web searches and retrieve the latest information on any topic. Integrate seamlessly with the WebSearch Crawler API for efficient and accurate search results. Enhance your applications with up-to-date knowledge and insights from the web. This is self-hosted service, free
 You will need to selfhost web api on local or vps. follow [guide here](https://github.com/mnhlt/WebSearch-MCP/blob/main/README.md)",AI ì–´ì‹œìŠ¤í„´íŠ¸ê°€ ì‹¤ì‹œê°„ ì›¹ ê²€ìƒ‰ì„ ìˆ˜í–‰í•˜ê³  ëª¨ë“  ì£¼ì œì— ëŒ€í•œ ìµœì‹  ì •ë³´ë¥¼ ê²€ìƒ‰í•  ìˆ˜ ìˆë„ë¡ í•˜ì„¸ìš”. íš¨ìœ¨ì ì´ê³  ì •í™•í•œ ê²€ìƒ‰ ê²°ê³¼ë¥¼ ìœ„í•´ WebSearch Crawler APIì™€ ì™„ë²½í•˜ê²Œ í†µí•©í•˜ì„¸ìš”. ìµœì‹  ì§€ì‹ê³¼ ì›¹ì˜ í†µì°°ë ¥ìœ¼ë¡œ ì• í”Œë¦¬ì¼€ì´ì…˜ì„ ê°•í™”í•˜ì„¸ìš”. ì´ê²ƒì€ ìì²´ í˜¸ìŠ¤íŒ… ì„œë¹„ìŠ¤ì´ë©° ë¬´ë£Œì…ë‹ˆë‹¤. ë¡œì»¬ ë˜ëŠ” VPSì—ì„œ ì›¹ APIë¥¼ ìì²´ í˜¸ìŠ¤íŒ…í•´ì•¼ í•©ë‹ˆë‹¤. [ì—¬ê¸°](https://github.com/mnhlt/WebSearch-MCP/blob/main/README.md)ì—ì„œ ê°€ì´ë“œë¥¼ ë”°ë¥´ì„¸ìš”.,https://smithery.ai/server/@mnhlt/WebSearch-MCP,Local,,2
web search,Linkup Search,Provides web search capability using the LinkupClient to fetch real-time information.,LinkupClientë¥¼ ì‚¬ìš©í•˜ì—¬ ì‹¤ì‹œê°„ ì •ë³´ë¥¼ ê°€ì ¸ì˜¤ëŠ” ì›¹ ê²€ìƒ‰ ê¸°ëŠ¥ì„ ì œê³µí•©ë‹ˆë‹¤.,https://smithery.ai/server/mcp-search-linkup,Remote,,1
web search,Resources,Building the operating system for AI,AIë¥¼ ìœ„í•œ ìš´ì˜ì²´ì œ êµ¬ì¶•,https://smithery.ai/,,,0
web search,Fetch Browser,Fetch web content and perform Google searches seamlessly.,ì›¹ ì½˜í…ì¸ ë¥¼ ê°€ì ¸ì˜¤ê³  Google ê²€ìƒ‰ì„ ì›í™œí•˜ê²Œ ìˆ˜í–‰í•©ë‹ˆë‹¤.,https://smithery.ai/server/@TheSethRose/fetch-browser,Remote,,3
web search,ScrapeGraph MCP Server,"ScrapeGraphAI is a LLM-powered scraping API for structured data extraction from any website. SmartScraper allows you to extract structured data from a specific webpage, SearchScraper finds the information you're looking for on the web and returns a structured response, and Markdownify converts webpages into markdown. 
 

 Web search integration and content filtering
 

  - API KEY --> dashboard.scrapegraphai.com","ScrapeGraphAIëŠ” ëª¨ë“  ì›¹ì‚¬ì´íŠ¸ì—ì„œ êµ¬ì¡°í™”ëœ ë°ì´í„°ë¥¼ ì¶”ì¶œí•˜ê¸° ìœ„í•œ LLM ê¸°ë°˜ ìŠ¤í¬ë˜í•‘ APIì…ë‹ˆë‹¤. SmartScraperë¥¼ ì‚¬ìš©í•˜ë©´ íŠ¹ì • ì›¹í˜ì´ì§€ì—ì„œ êµ¬ì¡°í™”ëœ ë°ì´í„°ë¥¼ ì¶”ì¶œí•  ìˆ˜ ìˆê³ , SearchScraperëŠ” ì›¹ì—ì„œ ì°¾ê³  ìˆëŠ” ì •ë³´ë¥¼ ì°¾ì•„ êµ¬ì¡°í™”ëœ ì‘ë‹µì„ ë°˜í™˜í•˜ë©°, MarkdownifyëŠ” ì›¹í˜ì´ì§€ë¥¼ ë§ˆí¬ë‹¤ìš´ìœ¼ë¡œ ë³€í™˜í•©ë‹ˆë‹¤. 

ì›¹ ê²€ìƒ‰ í†µí•© ë° ì½˜í…ì¸  í•„í„°ë§

- API í‚¤ --> dashboard.scrapegraphai.com",https://smithery.ai/server/@ScrapeGraphAI/scrapegraph-mcp,Remote,,1
web search,Prospect Research Server,"Provide tools and prompts to assist with prospect research tasks. Leverage built-in capabilities to calculate metrics, fetch information, and review code efficiently. Enhance your research workflow with a simple and effective MCP server implementation.","ì ì¬ ê³ ê° ì¡°ì‚¬ ì‘ì—…ì„ ì§€ì›í•˜ëŠ” ë„êµ¬ì™€ í”„ë¡¬í”„íŠ¸ë¥¼ ì œê³µí•©ë‹ˆë‹¤. ë‚´ì¥ëœ ê¸°ëŠ¥ì„ í™œìš©í•˜ì—¬ ì§€í‘œë¥¼ ê³„ì‚°í•˜ê³ , ì •ë³´ë¥¼ ê°€ì ¸ì˜¤ê³ , ì½”ë“œë¥¼ íš¨ìœ¨ì ìœ¼ë¡œ ê²€í† í•©ë‹ˆë‹¤. ê°„ë‹¨í•˜ê³  íš¨ê³¼ì ì¸ MCP ì„œë²„ êµ¬í˜„ìœ¼ë¡œ ì¡°ì‚¬ ì›Œí¬í”Œë¡œë¥¼ ê°•í™”í•©ë‹ˆë‹¤.",https://smithery.ai/server/@jzhang17/prospect-research-mcp,Remote,,2
web search,Perplexity MCP Zerver,"Leverage AI-powered research capabilities seamlessly without the need for an API key. Perform web searches, retrieve documentation, and analyze code with a modular tool architecture. Enhance your research workflow with integrated chat and API discovery features.","API í‚¤ ì—†ì´ë„ AI ê¸°ë°˜ ì—°êµ¬ ê¸°ëŠ¥ì„ ì›í™œí•˜ê²Œ í™œìš©í•˜ì„¸ìš”. ëª¨ë“ˆí˜• ë„êµ¬ ì•„í‚¤í…ì²˜ë¡œ ì›¹ ê²€ìƒ‰ì„ ìˆ˜í–‰í•˜ê³ , ë¬¸ì„œë¥¼ ê²€ìƒ‰í•˜ê³ , ì½”ë“œë¥¼ ë¶„ì„í•˜ì„¸ìš”. í†µí•© ì±„íŒ… ë° API ê²€ìƒ‰ ê¸°ëŠ¥ìœ¼ë¡œ ì—°êµ¬ ì›Œí¬í”Œë¡œë¥¼ ê°•í™”í•˜ì„¸ìš”.",https://smithery.ai/server/@wysh3/perplexity-mcp-zerver,Remote,,4
web search,Exa MCP Server,"Enable AI assistants to perform web searches using Exa's powerful search API. Get real-time web information in a safe and controlled way, while caching recent searches for future reference. Simplify your search experience with customizable parameters and automatic live crawling.","Exaì˜ ê°•ë ¥í•œ ê²€ìƒ‰ APIë¥¼ ì‚¬ìš©í•˜ì—¬ AI ì–´ì‹œìŠ¤í„´íŠ¸ê°€ ì›¹ ê²€ìƒ‰ì„ ìˆ˜í–‰í•˜ë„ë¡ í•©ë‹ˆë‹¤. ì•ˆì „í•˜ê³  ì œì–´ëœ ë°©ì‹ìœ¼ë¡œ ì‹¤ì‹œê°„ ì›¹ ì •ë³´ë¥¼ ì–»ê³ , í–¥í›„ ì°¸ì¡°ë¥¼ ìœ„í•´ ìµœê·¼ ê²€ìƒ‰ì„ ìºì‹±í•©ë‹ˆë‹¤. ì‚¬ìš©ì ì •ì˜ ê°€ëŠ¥í•œ ë§¤ê°œë³€ìˆ˜ì™€ ìë™ ë¼ì´ë¸Œ í¬ë¡¤ë§ìœ¼ë¡œ ê²€ìƒ‰ í™˜ê²½ì„ ê°„ì†Œí™”í•©ë‹ˆë‹¤.",https://smithery.ai/server/@geezerrrr/exa-mcp-server,Remote,,1
web search,barnsworthburning,"Use this MCP server to search barnsworthburning.net, a digital commonplace book built and curated by Nick Trombley. The site contains a wealth of bookmarks and short snippets on a broad range of topics: design, software, art, architecture, craft, writing, literature, and many more.","ì´ MCP ì„œë²„ë¥¼ ì‚¬ìš©í•˜ì—¬ Nick Trombleyê°€ êµ¬ì¶•í•˜ê³  íë ˆì´íŒ…í•œ ë””ì§€í„¸ ê³µí†µ ë„ì„œì¸ barnsworthburning.netì„ ê²€ìƒ‰í•˜ì„¸ìš”. ì´ ì‚¬ì´íŠ¸ì—ëŠ” ë””ìì¸, ì†Œí”„íŠ¸ì›¨ì–´, ì˜ˆìˆ , ê±´ì¶•, ê³µì˜ˆ, ê¸€ì“°ê¸°, ë¬¸í•™ ë“± ë‹¤ì–‘í•œ ì£¼ì œì— ëŒ€í•œ í’ë¶€í•œ ë¶ë§ˆí¬ì™€ ì§§ì€ ìŠ¤ë‹ˆí«ì´ ë“¤ì–´ ìˆìŠµë‹ˆë‹¤.",https://smithery.ai/server/@Aias/barnsworthburning-mcp,Remote,,2
web search,Serper Search and Scrape,Habilite recursos poderosos de pesquisa na web e extraÃ§Ã£o de conteÃºdo. Realize pesquisas ricas na web e raspe o conteÃºdo da pÃ¡gina da web perfeitamente com a integraÃ§Ã£o da API Serper.,ì›¹ê³¼ ì¶”ê°€ ì½˜í…Œìš°ë„ì— ëŒ€í•œ ë°˜ë³µì ì¸ ì‘ì—…ì„ ìˆ˜í–‰í•©ë‹ˆë‹¤. API ì„œë²„ í†µí•©ìœ¼ë¡œ ì›¹ ì„±ëŠ¥ì„ í–¥ìƒí•˜ê³  ì›¹ í˜ì´ì§€ì— ëŒ€í•œ ê³µê²©ì„ ì°¨ë‹¨í•˜ëŠ” ë°©ë²•ì„ ì•Œì•„ë³´ì„¸ìš”.,https://smithery.ai/server/@diegofornalha/mcp-server-serper,Remote,,1
web search,OpenAI Agents MCP Server,ğŸš€ Supercharge Claude with OpenAI Agents: Instantly extend your AI assistant with OpenAI Agents. This MCP server seamlessly connects Claude to powerful Agent Tools capabilities: Web search â€¢ File analysis â€¢ Computer control â€¢ Intelligent orchestration...,ğŸš€ OpenAI Agentsë¡œ í´ë¡œë“œë¥¼ ê°•í™”í•˜ì„¸ìš”: OpenAI Agentsë¡œ AI ì–´ì‹œìŠ¤í„´íŠ¸ë¥¼ ì¦‰ì‹œ í™•ì¥í•˜ì„¸ìš”. ì´ MCP ì„œë²„ëŠ” í´ë¡œë“œë¥¼ ê°•ë ¥í•œ Agent Tools ê¸°ëŠ¥ì— ì›í™œí•˜ê²Œ ì—°ê²°í•©ë‹ˆë‹¤. ì›¹ ê²€ìƒ‰ â€¢ íŒŒì¼ ë¶„ì„ â€¢ ì»´í“¨í„° ì œì–´ â€¢ ì§€ëŠ¥í˜• ì˜¤ì¼€ìŠ¤íŠ¸ë ˆì´ì…˜...,https://smithery.ai/server/@lroolle/openai-agents-mcp-server,Remote,,3
web search,Exa MCP Server,"Enable AI assistants to perform web searches using Exa's powerful search API. Get real-time web information in a safe and controlled way, while caching recent searches for future reference. Enhance your AI's capabilities with structured search results and customizable parameters.",Exaì˜ ê°•ë ¥í•œ ê²€ìƒ‰ APIë¥¼ ì‚¬ìš©í•˜ì—¬ AI ì–´ì‹œìŠ¤í„´íŠ¸ê°€ ì›¹ ê²€ìƒ‰ì„ ìˆ˜í–‰í•˜ë„ë¡ í•©ë‹ˆë‹¤. ì•ˆì „í•˜ê³  ì œì–´ëœ ë°©ì‹ìœ¼ë¡œ ì‹¤ì‹œê°„ ì›¹ ì •ë³´ë¥¼ ì–»ëŠ” ë™ì‹œì— í–¥í›„ ì°¸ì¡°ë¥¼ ìœ„í•´ ìµœê·¼ ê²€ìƒ‰ì„ ìºì‹±í•©ë‹ˆë‹¤. êµ¬ì¡°í™”ëœ ê²€ìƒ‰ ê²°ê³¼ì™€ ì‚¬ìš©ì ì •ì˜ ê°€ëŠ¥í•œ ë§¤ê°œë³€ìˆ˜ë¡œ AIì˜ ê¸°ëŠ¥ì„ í–¥ìƒí•©ë‹ˆë‹¤.,https://smithery.ai/server/@lixiaotiancai/exa-mcp-server,Remote,,1
web search,OneSearch,"Enable seamless web search, scraping, and content extraction from various sources. Leverage multiple search engines and scrapers to enhance your data retrieval capabilities. Integrate effortlessly with self-hosted solutions for customized search experiences.","ë‹¤ì–‘í•œ ì†ŒìŠ¤ì—ì„œ ì›í™œí•œ ì›¹ ê²€ìƒ‰, ìŠ¤í¬ë˜í•‘ ë° ì½˜í…ì¸  ì¶”ì¶œì„ í™œì„±í™”í•©ë‹ˆë‹¤. ì—¬ëŸ¬ ê²€ìƒ‰ ì—”ì§„ê³¼ ìŠ¤í¬ë˜í¼ë¥¼ í™œìš©í•˜ì—¬ ë°ì´í„° ê²€ìƒ‰ ê¸°ëŠ¥ì„ ê°•í™”í•©ë‹ˆë‹¤. ì‚¬ìš©ì ì§€ì • ê²€ìƒ‰ ê²½í—˜ì„ ìœ„í•´ ì…€í”„ í˜¸ìŠ¤íŒ… ì†”ë£¨ì…˜ê³¼ ì†ì‰½ê²Œ í†µí•©í•©ë‹ˆë‹¤.",https://smithery.ai/server/@yokingma/one-search,Remote,,1
web search,MCP Server for Continue,"Expose customizable prompt templates, resources, and tools to enhance your development workflow. Utilize a conversational LLM to refine ideas, generate tests, and create detailed project blueprints. Streamline your coding process with integrated web search and documentation resources.","ì‚¬ìš©ì ì •ì˜ ê°€ëŠ¥í•œ í”„ë¡¬í”„íŠ¸ í…œí”Œë¦¿, ë¦¬ì†ŒìŠ¤ ë° ë„êµ¬ë¥¼ ë…¸ì¶œí•˜ì—¬ ê°œë°œ ì›Œí¬í”Œë¡œë¥¼ ê°•í™”í•©ë‹ˆë‹¤. ëŒ€í™”í˜• LLMì„ í™œìš©í•˜ì—¬ ì•„ì´ë””ì–´ë¥¼ ë‹¤ë“¬ê³ , í…ŒìŠ¤íŠ¸ë¥¼ ìƒì„±í•˜ê³ , ìì„¸í•œ í”„ë¡œì íŠ¸ ì²­ì‚¬ì§„ì„ ë§Œë“­ë‹ˆë‹¤. í†µí•©ëœ ì›¹ ê²€ìƒ‰ ë° ë¬¸ì„œ ë¦¬ì†ŒìŠ¤ë¥¼ ì‚¬ìš©í•˜ì—¬ ì½”ë”© í”„ë¡œì„¸ìŠ¤ë¥¼ ê°„ì†Œí™”í•©ë‹ˆë‹¤.",https://smithery.ai/server/@alexsmirnov/mcp-server-continue,Remote,,3
web search,Olostep MCP Server,"Enable your AI assistants to scrape web content and extract valuable information effortlessly. Utilize powerful tools to retrieve webpage content, map websites, and access structured Google search results. Enhance your AI's capabilities with seamless web interaction.","AI ì–´ì‹œìŠ¤í„´íŠ¸ê°€ ì›¹ ì½˜í…ì¸ ë¥¼ ìŠ¤í¬ë˜í•‘í•˜ê³  ê·€ì¤‘í•œ ì •ë³´ë¥¼ ì†ì‰½ê²Œ ì¶”ì¶œí•  ìˆ˜ ìˆë„ë¡ í•˜ì„¸ìš”. ê°•ë ¥í•œ ë„êµ¬ë¥¼ í™œìš©í•˜ì—¬ ì›¹í˜ì´ì§€ ì½˜í…ì¸ ë¥¼ ê²€ìƒ‰í•˜ê³ , ì›¹ì‚¬ì´íŠ¸ë¥¼ ë§¤í•‘í•˜ê³ , êµ¬ì¡°í™”ëœ Google ê²€ìƒ‰ ê²°ê³¼ì— ì•¡ì„¸ìŠ¤í•˜ì„¸ìš”. ì›í™œí•œ ì›¹ ìƒí˜¸ ì‘ìš©ìœ¼ë¡œ AIì˜ ì—­ëŸ‰ì„ ê°•í™”í•˜ì„¸ìš”.",https://smithery.ai/server/@olostep/olostep-mcp-server,Remote,,3
web search,Cloudflare Browser Rendering,"Fetch and process web content seamlessly for your LLMs. Enhance your applications with structured content extraction, documentation search, and content summarization capabilities. Capture screenshots of web pages to enrich your context and insights.","LLMì„ ìœ„í•´ ì›¹ ì½˜í…ì¸ ë¥¼ ì›í™œí•˜ê²Œ ê°€ì ¸ì˜¤ê³  ì²˜ë¦¬í•©ë‹ˆë‹¤. êµ¬ì¡°í™”ëœ ì½˜í…ì¸  ì¶”ì¶œ, ë¬¸ì„œ ê²€ìƒ‰ ë° ì½˜í…ì¸  ìš”ì•½ ê¸°ëŠ¥ìœ¼ë¡œ ì• í”Œë¦¬ì¼€ì´ì…˜ì„ ê°•í™”í•©ë‹ˆë‹¤. ì»¨í…ìŠ¤íŠ¸ì™€ í†µì°°ë ¥ì„ í’ë¶€í•˜ê²Œ í•˜ê¸° ìœ„í•´ ì›¹ í˜ì´ì§€ì˜ ìŠ¤í¬ë¦°ìƒ·ì„ ìº¡ì²˜í•©ë‹ˆë‹¤.",https://smithery.ai/server/@amotivv/cloudflare-browser-rendering-mcp,Remote,,3
web search,pure.md MCP server,"Access web content in markdown format reliably and efficiently. Unblock web pages and search the web seamlessly, enhancing your agents' capabilities. Integrate with your scripts and applications to leverage markdown delivery like a CDN.",ë§ˆí¬ë‹¤ìš´ í˜•ì‹ì˜ ì›¹ ì½˜í…ì¸ ì— ì•ˆì •ì ì´ê³  íš¨ìœ¨ì ìœ¼ë¡œ ì•¡ì„¸ìŠ¤í•˜ì„¸ìš”. ì›¹ í˜ì´ì§€ ì°¨ë‹¨ì„ í•´ì œí•˜ê³  ì›¹ì„ ì›í™œí•˜ê²Œ ê²€ìƒ‰í•˜ì—¬ ì—ì´ì „íŠ¸ì˜ ì—­ëŸ‰ì„ ê°•í™”í•˜ì„¸ìš”. ìŠ¤í¬ë¦½íŠ¸ ë° ì• í”Œë¦¬ì¼€ì´ì…˜ê³¼ í†µí•©í•˜ì—¬ CDNì²˜ëŸ¼ ë§ˆí¬ë‹¤ìš´ ì „ì†¡ì„ í™œìš©í•˜ì„¸ìš”.,https://smithery.ai/server/@puremd/puremd-mcp,Remote,,3
web search,Dappier MCP Server,"Connect your AI to real-time, rights-cleared data from trusted sources. Access specialized models for web search, news, sports, and financial data to enhance your AI's expertise. Leverage AI-powered recommendations for personalized content discovery across various domains.","ì‹ ë¢°í•  ìˆ˜ ìˆëŠ” ì¶œì²˜ì˜ ì‹¤ì‹œê°„ ê¶Œë¦¬ ì²˜ë¦¬ëœ ë°ì´í„°ì— AIë¥¼ ì—°ê²°í•©ë‹ˆë‹¤. ì›¹ ê²€ìƒ‰, ë‰´ìŠ¤, ìŠ¤í¬ì¸  ë° ì¬ë¬´ ë°ì´í„°ì— ëŒ€í•œ ì „ë¬¸ ëª¨ë¸ì— ì•¡ì„¸ìŠ¤í•˜ì—¬ AIì˜ ì „ë¬¸ì„±ì„ í–¥ìƒí•©ë‹ˆë‹¤. ë‹¤ì–‘í•œ ë„ë©”ì¸ì—ì„œ ê°œì¸í™”ëœ ì½˜í…ì¸  ê²€ìƒ‰ì„ ìœ„í•œ AI ê¸°ë°˜ ê¶Œì¥ ì‚¬í•­ì„ í™œìš©í•©ë‹ˆë‹¤.",https://smithery.ai/server/@DappierAI/dappier-mcp,Local,,2
web search,OneSearch,"Enable seamless web search, scraping, and content extraction from various websites. Leverage multiple search engines and scrapers to enhance your data retrieval capabilities. Integrate effortlessly with self-hosted solutions for customized search experiences.","ë‹¤ì–‘í•œ ì›¹ì‚¬ì´íŠ¸ì—ì„œ ì›í™œí•œ ì›¹ ê²€ìƒ‰, ìŠ¤í¬ë˜í•‘ ë° ì½˜í…ì¸  ì¶”ì¶œì„ í™œì„±í™”í•©ë‹ˆë‹¤. ì—¬ëŸ¬ ê²€ìƒ‰ ì—”ì§„ê³¼ ìŠ¤í¬ë˜í¼ë¥¼ í™œìš©í•˜ì—¬ ë°ì´í„° ê²€ìƒ‰ ê¸°ëŠ¥ì„ ê°•í™”í•©ë‹ˆë‹¤. ì‚¬ìš©ì ì§€ì • ê²€ìƒ‰ ê²½í—˜ì„ ìœ„í•´ ì…€í”„ í˜¸ìŠ¤íŒ… ì†”ë£¨ì…˜ê³¼ ì†ì‰½ê²Œ í†µí•©í•©ë‹ˆë‹¤.",https://smithery.ai/server/@yokingma/one-search-mcp,Local,,1
web search,DuckDuckGo Search,Enables web search using DuckDuckGo.,DuckDuckGoë¥¼ ì‚¬ìš©í•˜ì—¬ ì›¹ ê²€ìƒ‰ì„ í™œì„±í™”í•©ë‹ˆë‹¤.,https://smithery.ai/server/duck-duck-mcp,Local,,1
web search,Web Search,"Enable seamless web searching using Google search results without the need for API keys. Retrieve structured results including titles, URLs, and descriptions to enhance your applications. Perfect for integrating web search capabilities into your projects effortlessly.","API í‚¤ ì—†ì´ë„ Google ê²€ìƒ‰ ê²°ê³¼ë¥¼ ì‚¬ìš©í•˜ì—¬ ì›í™œí•œ ì›¹ ê²€ìƒ‰ì„ í™œì„±í™”í•˜ì„¸ìš”. ì œëª©, URL, ì„¤ëª…ì„ í¬í•¨í•œ êµ¬ì¡°í™”ëœ ê²°ê³¼ë¥¼ ê²€ìƒ‰í•˜ì—¬ ì• í”Œë¦¬ì¼€ì´ì…˜ì„ ê°•í™”í•˜ì„¸ìš”. í”„ë¡œì íŠ¸ì— ì›¹ ê²€ìƒ‰ ê¸°ëŠ¥ì„ ì†ì‰½ê²Œ í†µí•©í•˜ëŠ” ë° ì í•©í•©ë‹ˆë‹¤.",https://smithery.ai/server/@williamvd4/web-search,Local,,1
web search,Web Research,"Augments your LLM so it can perform research better. Provides Google search integration, webpage content extraction, research session tracking and more.","LLMì„ ì¦ê°•í•˜ì—¬ ì—°êµ¬ë¥¼ ë” ì˜ ìˆ˜í–‰í•  ìˆ˜ ìˆìŠµë‹ˆë‹¤. Google ê²€ìƒ‰ í†µí•©, ì›¹í˜ì´ì§€ ì½˜í…ì¸  ì¶”ì¶œ, ì—°êµ¬ ì„¸ì…˜ ì¶”ì  ë“±ì„ ì œê³µí•©ë‹ˆë‹¤.",https://smithery.ai/server/@mzxrai/mcp-webresearch,Local,,1
web search,Tavily Web Search,Leverage the Tavily API to perform web searches directly from your applications. Enhance your projects with real-time search capabilities and access a wealth of information effortlessly. Start searching the web with just a simple command and get results in seconds.,Tavily APIë¥¼ í™œìš©í•˜ì—¬ ì• í”Œë¦¬ì¼€ì´ì…˜ì—ì„œ ì§ì ‘ ì›¹ ê²€ìƒ‰ì„ ìˆ˜í–‰í•©ë‹ˆë‹¤. ì‹¤ì‹œê°„ ê²€ìƒ‰ ê¸°ëŠ¥ìœ¼ë¡œ í”„ë¡œì íŠ¸ë¥¼ ê°•í™”í•˜ê³  í’ë¶€í•œ ì •ë³´ì— ì†ì‰½ê²Œ ì•¡ì„¸ìŠ¤í•©ë‹ˆë‹¤. ê°„ë‹¨í•œ ëª…ë ¹ë§Œìœ¼ë¡œ ì›¹ ê²€ìƒ‰ì„ ì‹œì‘í•˜ê³  ëª‡ ì´ˆ ë§Œì— ê²°ê³¼ë¥¼ ì–»ìœ¼ì„¸ìš”.,https://smithery.ai/server/@mcp2everything/mcp2tavily,Local,,2
web search,Resources,Building the operating system for AI,AIë¥¼ ìœ„í•œ ìš´ì˜ì²´ì œ êµ¬ì¶•,https://smithery.ai/,,,0
web search,Perplexity MCP,"An MCP server providing web search functionality using Perplexity AI's API. You can select the model you want to use as well a search recency, day, month, year, etc.","Perplexity AIì˜ APIë¥¼ ì‚¬ìš©í•˜ì—¬ ì›¹ ê²€ìƒ‰ ê¸°ëŠ¥ì„ ì œê³µí•˜ëŠ” MCP ì„œë²„ì…ë‹ˆë‹¤. ì‚¬ìš©í•˜ë ¤ëŠ” ëª¨ë¸ê³¼ ê²€ìƒ‰ ìµœê·¼ì„±, ì¼, ì›”, ë…„ ë“±ì„ ì„ íƒí•  ìˆ˜ ìˆìŠµë‹ˆë‹¤.",https://smithery.ai/server/perplexity-mcp,Local,,1
web search,Perplexity Web Search Server,"Enable your AI assistants to search the web and retrieve up-to-date information effortlessly. Utilize powerful search capabilities with comprehensive results, including sources and citations, all while filtering by time periods. Simplify your web search tasks with a ready-to-use prompt template for seamless integration.","AI ì–´ì‹œìŠ¤í„´íŠ¸ê°€ ì›¹ì„ ê²€ìƒ‰í•˜ê³  ìµœì‹  ì •ë³´ë¥¼ ì†ì‰½ê²Œ ê²€ìƒ‰í•  ìˆ˜ ìˆë„ë¡ í•˜ì„¸ìš”. ì¶œì²˜ì™€ ì¸ìš©ë¬¸ì„ í¬í•¨í•œ í¬ê´„ì ì¸ ê²°ê³¼ë¥¼ ì œê³µí•˜ëŠ” ê°•ë ¥í•œ ê²€ìƒ‰ ê¸°ëŠ¥ì„ í™œìš©í•˜ê³ , ê¸°ê°„ë³„ë¡œ í•„í„°ë§í•˜ì„¸ìš”. ì›í™œí•œ í†µí•©ì„ ìœ„í•œ ì¦‰ì‹œ ì‚¬ìš© ê°€ëŠ¥í•œ í”„ë¡¬í”„íŠ¸ í…œí”Œë¦¿ìœ¼ë¡œ ì›¹ ê²€ìƒ‰ ì‘ì—…ì„ ê°„ì†Œí™”í•˜ì„¸ìš”.",https://smithery.ai/server/@nachoal/perplexity-mcp,Local,,3
web search,Web Search,"Integrate real-time web search capabilities into your AI assistant. Perform both basic and advanced searches with markdown-formatted results, enhancing your assistant's ability to provide up-to-date information. Empower your AI with a seamless connection to the internet for comprehensive responses.",ì‹¤ì‹œê°„ ì›¹ ê²€ìƒ‰ ê¸°ëŠ¥ì„ AI ì–´ì‹œìŠ¤í„´íŠ¸ì— í†µí•©í•©ë‹ˆë‹¤. ë§ˆí¬ë‹¤ìš´ í˜•ì‹ì˜ ê²°ê³¼ë¡œ ê¸°ë³¸ ë° ê³ ê¸‰ ê²€ìƒ‰ì„ ëª¨ë‘ ìˆ˜í–‰í•˜ì—¬ ì–´ì‹œìŠ¤í„´íŠ¸ê°€ ìµœì‹  ì •ë³´ë¥¼ ì œê³µí•˜ëŠ” ê¸°ëŠ¥ì„ ê°•í™”í•©ë‹ˆë‹¤. í¬ê´„ì ì¸ ì‘ë‹µì„ ìœ„í•´ ì¸í„°ë„·ì— ì›í™œí•˜ê²Œ ì—°ê²°í•˜ì—¬ AIë¥¼ ê°•í™”í•©ë‹ˆë‹¤.,https://smithery.ai/server/@mshojaei77/ReActMCP,Local,,4
web search,Local Web Search Server,Perform local web searches and extract content from web pages.,ë¡œì»¬ ì›¹ ê²€ìƒ‰ì„ ìˆ˜í–‰í•˜ê³  ì›¹ í˜ì´ì§€ì—ì„œ ì½˜í…ì¸ ë¥¼ ì¶”ì¶œí•©ë‹ˆë‹¤.,https://smithery.ai/server/@FradSer/mcp-server-local-web-search,Local,,4
web search,Perplexity Server,"Integrate AI-powered research capabilities seamlessly. Perform web searches, retrieve documentation, and analyze code with ease.","AI ê¸°ë°˜ ì—°êµ¬ ê¸°ëŠ¥ì„ ì›í™œí•˜ê²Œ í†µí•©í•©ë‹ˆë‹¤. ì›¹ ê²€ìƒ‰ì„ ìˆ˜í–‰í•˜ê³ , ë¬¸ì„œë¥¼ ê²€ìƒ‰í•˜ê³ , ì½”ë“œë¥¼ ì‰½ê²Œ ë¶„ì„í•©ë‹ˆë‹¤.",https://smithery.ai/server/@wysh3/perplexity-mcp-server,Remote,,4
web search,SearXNG MCP Server,"Enable your AI assistants to perform web searches effortlessly with a privacy-respecting metasearch engine. Connect to public or private SearXNG instances and customize your search parameters for tailored results. Experience zero-configuration setup for immediate use, enhancing your AI's capabilities with powerful web search functionality.",ê°œì¸ ì •ë³´ë¥¼ ì¡´ì¤‘í•˜ëŠ” ë©”íƒ€ ê²€ìƒ‰ ì—”ì§„ìœ¼ë¡œ AI ì–´ì‹œìŠ¤í„´íŠ¸ê°€ ì†ì‰½ê²Œ ì›¹ ê²€ìƒ‰ì„ ìˆ˜í–‰í•  ìˆ˜ ìˆë„ë¡ í•˜ì„¸ìš”. ê³µê°œ ë˜ëŠ” ë¹„ê³µê°œ SearXNG ì¸ìŠ¤í„´ìŠ¤ì— ì—°ê²°í•˜ê³  ê²€ìƒ‰ ë§¤ê°œë³€ìˆ˜ë¥¼ ì‚¬ìš©ì ì§€ì •í•˜ì—¬ ë§ì¶¤í˜• ê²°ê³¼ë¥¼ ì–»ìœ¼ì„¸ìš”. ì¦‰ì‹œ ì‚¬ìš©í•  ìˆ˜ ìˆëŠ” ì œë¡œ êµ¬ì„± ì„¤ì •ì„ ê²½í—˜í•˜ê³  ê°•ë ¥í•œ ì›¹ ê²€ìƒ‰ ê¸°ëŠ¥ìœ¼ë¡œ AIì˜ ì—­ëŸ‰ì„ ê°•í™”í•˜ì„¸ìš”.,https://smithery.ai/server/@tisDDM/searxng-mcp,Local,,3
web search,DuckDuckGo Web Search,"Search the web using DuckDuckGo and fetch content from the results. Get titles, URLs, and snippets, and convert HTML to markdown for easy reading.","DuckDuckGoë¥¼ ì‚¬ìš©í•˜ì—¬ ì›¹ì„ ê²€ìƒ‰í•˜ê³  ê²°ê³¼ì—ì„œ ì½˜í…ì¸ ë¥¼ ê°€ì ¸ì˜µë‹ˆë‹¤. ì œëª©, URL, ìŠ¤ë‹ˆí«ì„ ê°€ì ¸ì˜¤ê³  HTMLì„ ë§ˆí¬ë‹¤ìš´ìœ¼ë¡œ ë³€í™˜í•˜ì—¬ ì‰½ê²Œ ì½ì„ ìˆ˜ ìˆìŠµë‹ˆë‹¤.",https://smithery.ai/server/@kouui/web-search-duckduckgo,Local,,1
web search,WebSearch,Perform intelligent web searches and extract specific information from web pages using natural language prompts. Leverage advanced web scraping and crawling capabilities to gather and analyze content seamlessly.,ìì—°ì–´ í”„ë¡¬í”„íŠ¸ë¥¼ ì‚¬ìš©í•˜ì—¬ ì§€ëŠ¥í˜• ì›¹ ê²€ìƒ‰ì„ ìˆ˜í–‰í•˜ê³  ì›¹ í˜ì´ì§€ì—ì„œ íŠ¹ì • ì •ë³´ë¥¼ ì¶”ì¶œí•©ë‹ˆë‹¤. ê³ ê¸‰ ì›¹ ìŠ¤í¬ë˜í•‘ ë° í¬ë¡¤ë§ ê¸°ëŠ¥ì„ í™œìš©í•˜ì—¬ ì½˜í…ì¸ ë¥¼ ì›í™œí•˜ê²Œ ìˆ˜ì§‘í•˜ê³  ë¶„ì„í•©ë‹ˆë‹¤.,https://smithery.ai/server/@m4s1t4/webSearch-Tools,Local,,4
web search,WebSearch,Perform intelligent web searches and extract specific information from web pages using natural language prompts. Leverage advanced web scraping and crawling capabilities to enhance your content analysis and retrieval tasks.,ìì—°ì–´ í”„ë¡¬í”„íŠ¸ë¥¼ ì‚¬ìš©í•˜ì—¬ ì§€ëŠ¥í˜• ì›¹ ê²€ìƒ‰ì„ ìˆ˜í–‰í•˜ê³  ì›¹ í˜ì´ì§€ì—ì„œ íŠ¹ì • ì •ë³´ë¥¼ ì¶”ì¶œí•©ë‹ˆë‹¤. ê³ ê¸‰ ì›¹ ìŠ¤í¬ë˜í•‘ ë° í¬ë¡¤ë§ ê¸°ëŠ¥ì„ í™œìš©í•˜ì—¬ ì½˜í…ì¸  ë¶„ì„ ë° ê²€ìƒ‰ ì‘ì—…ì„ í–¥ìƒì‹œí‚µë‹ˆë‹¤.,https://smithery.ai/server/@josemartinrodriguezmortaloni/webSearch-Tools,Local,,4
web search,WebSearch,Enable your AI assistants to perform real-time web searches and retrieve up-to-date information on any topic. Integrate seamlessly with the WebSearch Crawler API for enhanced search capabilities. Empower your applications with instant access to the latest web content.,AI ì–´ì‹œìŠ¤í„´íŠ¸ê°€ ì‹¤ì‹œê°„ ì›¹ ê²€ìƒ‰ì„ ìˆ˜í–‰í•˜ê³  ëª¨ë“  ì£¼ì œì— ëŒ€í•œ ìµœì‹  ì •ë³´ë¥¼ ê²€ìƒ‰í•  ìˆ˜ ìˆë„ë¡ í•˜ì„¸ìš”. í–¥ìƒëœ ê²€ìƒ‰ ê¸°ëŠ¥ì„ ìœ„í•´ WebSearch Crawler APIì™€ ì™„ë²½í•˜ê²Œ í†µí•©í•˜ì„¸ìš”. ìµœì‹  ì›¹ ì½˜í…ì¸ ì— ì¦‰ì‹œ ì•¡ì„¸ìŠ¤í•  ìˆ˜ ìˆë„ë¡ ì• í”Œë¦¬ì¼€ì´ì…˜ì„ ê°•í™”í•˜ì„¸ìš”.,https://smithery.ai/server/@mnhlt/websearch-mcp,Local,,2
web search,Web Search Server,Provide Google search capabilities and view web content with advanced bot detection avoidance.,Google ê²€ìƒ‰ ê¸°ëŠ¥ì„ ì œê³µí•˜ê³  ê³ ê¸‰ ë´‡ ê°ì§€ íšŒí”¼ ê¸°ëŠ¥ì„ í†µí•´ ì›¹ ì½˜í…ì¸ ë¥¼ ë´…ë‹ˆë‹¤.,https://smithery.ai/server/@Claw256/mcp-web-search,Local,,3
web search,Baidu Search Server,"Enable web search capabilities through Baidu, allowing you to retrieve and parse webpage content efficiently. Benefit from advanced rate limiting and intelligent text extraction tailored for large language models. Enhance your applications with formatted search results and robust error handling.",Baiduë¥¼ í†µí•´ ì›¹ ê²€ìƒ‰ ê¸°ëŠ¥ì„ í™œì„±í™”í•˜ì—¬ ì›¹í˜ì´ì§€ ì½˜í…ì¸ ë¥¼ íš¨ìœ¨ì ìœ¼ë¡œ ê²€ìƒ‰í•˜ê³  êµ¬ë¬¸ ë¶„ì„í•  ìˆ˜ ìˆìŠµë‹ˆë‹¤. ëŒ€ê·œëª¨ ì–¸ì–´ ëª¨ë¸ì— ë§ê²Œ ì¡°ì •ëœ ê³ ê¸‰ ì†ë„ ì œí•œ ë° ì§€ëŠ¥í˜• í…ìŠ¤íŠ¸ ì¶”ì¶œì˜ ì´ì ì„ ëˆ„ë¦¬ì„¸ìš”. í¬ë§·ëœ ê²€ìƒ‰ ê²°ê³¼ì™€ ê°•ë ¥í•œ ì˜¤ë¥˜ ì²˜ë¦¬ë¡œ ì• í”Œë¦¬ì¼€ì´ì…˜ì„ ê°•í™”í•˜ì„¸ìš”.,https://smithery.ai/server/@Evilran/baidu-mcp-server,Local,,0
web search,Tavily Search,Perform web searches and retrieve information using the Tavily API.,Tavily APIë¥¼ ì‚¬ìš©í•˜ì—¬ ì›¹ ê²€ìƒ‰ì„ ìˆ˜í–‰í•˜ê³  ì •ë³´ë¥¼ ê²€ìƒ‰í•©ë‹ˆë‹¤.,https://smithery.ai/server/tavily-search,Remote,,1
web search,DuckDuckGo Search Plugin,"Perform web searches and explore content with advanced navigation features. Enhance your search experience by retrieving detailed results, related queries, and rich content extraction from webpages.","ê³ ê¸‰ íƒìƒ‰ ê¸°ëŠ¥ìœ¼ë¡œ ì›¹ ê²€ìƒ‰ì„ ìˆ˜í–‰í•˜ê³  ì½˜í…ì¸ ë¥¼ íƒìƒ‰í•˜ì„¸ìš”. ì›¹í˜ì´ì§€ì—ì„œ ìì„¸í•œ ê²°ê³¼, ê´€ë ¨ ì¿¼ë¦¬, í’ë¶€í•œ ì½˜í…ì¸  ì¶”ì¶œì„ ê²€ìƒ‰í•˜ì—¬ ê²€ìƒ‰ í™˜ê²½ì„ ê°œì„ í•˜ì„¸ìš”.",https://smithery.ai/server/@gianlucamazza/mcp-duckduckgo,Local,,3
web search,DuckDuckGo Search,Perform web searches using DuckDuckGo's API with ease. Get formatted Markdown search results while enjoying built-in rate limiting and error handling. Enhance your applications with powerful search capabilities seamlessly integrated into your workflow.,DuckDuckGoì˜ APIë¥¼ ì‚¬ìš©í•˜ì—¬ ê°„í¸í•˜ê²Œ ì›¹ ê²€ìƒ‰ì„ ìˆ˜í–‰í•©ë‹ˆë‹¤. ë‚´ì¥ëœ ì†ë„ ì œí•œ ë° ì˜¤ë¥˜ ì²˜ë¦¬ë¥¼ ì¦ê¸°ë©´ì„œ í¬ë§·ëœ ë§ˆí¬ë‹¤ìš´ ê²€ìƒ‰ ê²°ê³¼ë¥¼ ì–»ìœ¼ì„¸ìš”. ì›Œí¬í”Œë¡œì— ì™„ë²½í•˜ê²Œ í†µí•©ëœ ê°•ë ¥í•œ ê²€ìƒ‰ ê¸°ëŠ¥ìœ¼ë¡œ ì• í”Œë¦¬ì¼€ì´ì…˜ì„ ê°•í™”í•˜ì„¸ìš”.,https://smithery.ai/server/@zhsama/duckduckgo-mcp-server,Local,,3
web search,Google Custom Search Server,"Enable your language models to perform web searches effortlessly using Google's Custom Search API. Integrate search capabilities into your applications with a standardized interface, providing formatted results including titles, URLs, and descriptions. Enhance your LLM's functionality and access real-time information from the web seamlessly.","Googleì˜ Custom Search APIë¥¼ ì‚¬ìš©í•˜ì—¬ ì–¸ì–´ ëª¨ë¸ì´ ì›¹ ê²€ìƒ‰ì„ ì†ì‰½ê²Œ ìˆ˜í–‰í•  ìˆ˜ ìˆë„ë¡ í•©ë‹ˆë‹¤. í‘œì¤€í™”ëœ ì¸í„°í˜ì´ìŠ¤ë¡œ ê²€ìƒ‰ ê¸°ëŠ¥ì„ ì• í”Œë¦¬ì¼€ì´ì…˜ì— í†µí•©í•˜ì—¬ ì œëª©, URL, ì„¤ëª…ì„ í¬í•¨í•œ ì„œì‹ì´ ì§€ì •ëœ ê²°ê³¼ë¥¼ ì œê³µí•©ë‹ˆë‹¤. LLMì˜ ê¸°ëŠ¥ì„ í–¥ìƒì‹œí‚¤ê³  ì›¹ì—ì„œ ì‹¤ì‹œê°„ ì •ë³´ì— ì›í™œí•˜ê²Œ ì•¡ì„¸ìŠ¤í•©ë‹ˆë‹¤.",https://smithery.ai/server/@limklister/mcp-google-custom-search-server,Local,,1
web search,Tavily Search,Integrate the Tavily Search API for optimized web search capabilities.,ìµœì í™”ëœ ì›¹ ê²€ìƒ‰ ê¸°ëŠ¥ì„ ìœ„í•´ Tavily Search APIë¥¼ í†µí•©í•˜ì„¸ìš”.,https://smithery.ai/server/@apappascs/tavily-search-mcp-server,Local,,1
web search,OpenAI WebSearch Server,"Enable your AI assistants to access real-time web search capabilities during conversations. This server enhances the assistant's knowledge with up-to-date information, ensuring users receive accurate and relevant responses. Easily install and configure it for use with popular applications like Claude.app or Zed editor.",ëŒ€í™” ì¤‘ì— AI ì–´ì‹œìŠ¤í„´íŠ¸ê°€ ì‹¤ì‹œê°„ ì›¹ ê²€ìƒ‰ ê¸°ëŠ¥ì— ì•¡ì„¸ìŠ¤í•  ìˆ˜ ìˆë„ë¡ í•©ë‹ˆë‹¤. ì´ ì„œë²„ëŠ” ìµœì‹  ì •ë³´ë¡œ ì–´ì‹œìŠ¤í„´íŠ¸ì˜ ì§€ì‹ì„ ê°•í™”í•˜ì—¬ ì‚¬ìš©ìê°€ ì •í™•í•˜ê³  ê´€ë ¨ì„± ìˆëŠ” ì‘ë‹µì„ ë°›ì„ ìˆ˜ ìˆë„ë¡ í•©ë‹ˆë‹¤. Claude.app ë˜ëŠ” Zed editorì™€ ê°™ì€ ì¸ê¸° ìˆëŠ” ì• í”Œë¦¬ì¼€ì´ì…˜ê³¼ í•¨ê»˜ ì‚¬ìš©í•˜ë„ë¡ ì‰½ê²Œ ì„¤ì¹˜í•˜ê³  êµ¬ì„±í•©ë‹ˆë‹¤.,https://smithery.ai/server/@ConechoAI/openai-websearch-mcp,Local,,2
web search,Google Custom Search Server,Provide web search capabilities using Google Custom Search API.,Google ë§ì¶¤ ê²€ìƒ‰ APIë¥¼ ì‚¬ìš©í•˜ì—¬ ì›¹ ê²€ìƒ‰ ê¸°ëŠ¥ì„ ì œê³µí•©ë‹ˆë‹¤.,https://smithery.ai/server/@adenot/mcp-google-search,Local,,1
web search,Brave Search,Integrate web and local search capabilities into your applications. Access comprehensive search results with flexible filtering and smart fallbacks for enhanced user experience.,ì›¹ ë° ë¡œì»¬ ê²€ìƒ‰ ê¸°ëŠ¥ì„ ì• í”Œë¦¬ì¼€ì´ì…˜ì— í†µí•©í•©ë‹ˆë‹¤. ìœ ì—°í•œ í•„í„°ë§ê³¼ ìŠ¤ë§ˆíŠ¸ í´ë°±ì„ í†µí•´ í¬ê´„ì ì¸ ê²€ìƒ‰ ê²°ê³¼ì— ì•¡ì„¸ìŠ¤í•˜ì—¬ í–¥ìƒëœ ì‚¬ìš©ì ê²½í—˜ì„ ì œê³µí•©ë‹ˆë‹¤.,https://smithery.ai/server/@Shoofio/brave-search-mcp-sse,Local,,3
web search,Resources,Building the operating system for AI,AIë¥¼ ìœ„í•œ ìš´ì˜ì²´ì œ êµ¬ì¶•,https://smithery.ai/,,,0
web search,Deep Research,"Enhance your research capabilities with advanced web search, document analysis, and image processing. Utilize powerful tools to gather information, analyze PDFs, and retrieve YouTube transcripts seamlessly. Start your research journey with an intelligent agent that simplifies data extraction and analysis.","ê³ ê¸‰ ì›¹ ê²€ìƒ‰, ë¬¸ì„œ ë¶„ì„ ë° ì´ë¯¸ì§€ ì²˜ë¦¬ë¡œ ì—°êµ¬ ì—­ëŸ‰ì„ ê°•í™”í•˜ì„¸ìš”. ê°•ë ¥í•œ ë„êµ¬ë¥¼ í™œìš©í•˜ì—¬ ì •ë³´ë¥¼ ìˆ˜ì§‘í•˜ê³ , PDFë¥¼ ë¶„ì„í•˜ê³ , YouTube ëŒ€ë³¸ì„ ì›í™œí•˜ê²Œ ê²€ìƒ‰í•˜ì„¸ìš”. ë°ì´í„° ì¶”ì¶œ ë° ë¶„ì„ì„ ê°„ì†Œí™”í•˜ëŠ” ì§€ëŠ¥í˜• ì—ì´ì „íŠ¸ë¡œ ì—°êµ¬ ì—¬ì •ì„ ì‹œì‘í•˜ì„¸ìš”.",https://smithery.ai/server/@Hajime-Y/deep-research-mcp,Local,,2
web search,JinaAI Search,Integrate Jina.ai's Search API with LLMs for advanced web search capabilities.,Jina.aiì˜ ê²€ìƒ‰ APIë¥¼ LLMê³¼ í†µí•©í•˜ì—¬ ê³ ê¸‰ ì›¹ ê²€ìƒ‰ ê¸°ëŠ¥ì„ ì œê³µí•©ë‹ˆë‹¤.,https://smithery.ai/server/@spences10/mcp-jinaai-search,Local,,1
web search,mcp-local-rag | local RAG-like web search,Perform a retrieval-augmented generation (RAG) search on your input queries locally. Enhance your applications with powerful search capabilities without relying on external servers. Experience fast and efficient data retrieval tailored to your needs.,ì…ë ¥ ì¿¼ë¦¬ì— ëŒ€í•´ ë¡œì»¬ë¡œ ê²€ìƒ‰ ì¦ê°• ìƒì„±(RAG) ê²€ìƒ‰ì„ ìˆ˜í–‰í•©ë‹ˆë‹¤. ì™¸ë¶€ ì„œë²„ì— ì˜ì¡´í•˜ì§€ ì•Šê³  ê°•ë ¥í•œ ê²€ìƒ‰ ê¸°ëŠ¥ìœ¼ë¡œ ì• í”Œë¦¬ì¼€ì´ì…˜ì„ ê°•í™”í•©ë‹ˆë‹¤. í•„ìš”ì— ë§ê²Œ ì¡°ì •ëœ ë¹ ë¥´ê³  íš¨ìœ¨ì ì¸ ë°ì´í„° ê²€ìƒ‰ì„ ê²½í—˜í•˜ì„¸ìš”.,https://smithery.ai/server/@nkapila6/mcp-local-rag,Local,,2
web search,SearXNG MCP Server,"Integrate web search capabilities into your applications. Execute general queries, news, and articles with pagination support for tailored results. Enhance your projects with powerful search functionalities effortlessly.","ì›¹ ê²€ìƒ‰ ê¸°ëŠ¥ì„ ì• í”Œë¦¬ì¼€ì´ì…˜ì— í†µí•©í•©ë‹ˆë‹¤. í˜ì´ì§€ë„¤ì´ì…˜ ì§€ì›ìœ¼ë¡œ ì¼ë°˜ ì¿¼ë¦¬, ë‰´ìŠ¤ ë° ê¸°ì‚¬ë¥¼ ì‹¤í–‰í•˜ì—¬ ë§ì¶¤í˜• ê²°ê³¼ë¥¼ ì–»ìŠµë‹ˆë‹¤. ê°•ë ¥í•œ ê²€ìƒ‰ ê¸°ëŠ¥ìœ¼ë¡œ í”„ë¡œì íŠ¸ë¥¼ ì†ì‰½ê²Œ ê°•í™”í•©ë‹ˆë‹¤.",https://smithery.ai/server/@deepkl/mcp-searxng,Local,,3
web search,Tavily Server,"Enable your AI assistants to perform comprehensive web searches and retrieve relevant, up-to-date information effortlessly. Leverage AI-powered search capabilities with rich results and caching for improved performance. Enhance your applications with flexible data access through both tools and resources.",AI ì–´ì‹œìŠ¤í„´íŠ¸ê°€ í¬ê´„ì ì¸ ì›¹ ê²€ìƒ‰ì„ ìˆ˜í–‰í•˜ê³  ê´€ë ¨ì„± ìˆê³  ìµœì‹  ì •ë³´ë¥¼ ì†ì‰½ê²Œ ê²€ìƒ‰í•  ìˆ˜ ìˆë„ë¡ í•˜ì„¸ìš”. í’ë¶€í•œ ê²°ê³¼ì™€ ìºì‹±ì„ í†µí•´ AI ê¸°ë°˜ ê²€ìƒ‰ ê¸°ëŠ¥ì„ í™œìš©í•˜ì—¬ ì„±ëŠ¥ì„ ê°œì„ í•˜ì„¸ìš”. ë„êµ¬ì™€ ë¦¬ì†ŒìŠ¤ë¥¼ í†µí•´ ìœ ì—°í•œ ë°ì´í„° ì•¡ì„¸ìŠ¤ë¡œ ì• í”Œë¦¬ì¼€ì´ì…˜ì„ ê°•í™”í•˜ì„¸ìš”.,https://smithery.ai/server/@it-beard/tavily-server,Local,,3
web search,Brave Search,Integrate with Brave Search to perform web and local searches.,Brave Searchì™€ í†µí•©í•˜ì—¬ ì›¹ ë° ë¡œì»¬ ê²€ìƒ‰ì„ ìˆ˜í–‰í•©ë‹ˆë‹¤.,https://smithery.ai/server/@arben-adm/brave-mcp-search,Local,,1
web search,Tavily MCP Server with Proxy Support,Enable AI-powered web searches through proxy servers. Get direct answers to your questions and access recent news articles with AI-extracted relevant content. Enhance your LLM's capabilities with sophisticated search functionalities.,í”„ë¡ì‹œ ì„œë²„ë¥¼ í†µí•´ AI ê¸°ë°˜ ì›¹ ê²€ìƒ‰ì„ í™œì„±í™”í•©ë‹ˆë‹¤. ì§ˆë¬¸ì— ëŒ€í•œ ì§ì ‘ì ì¸ ë‹µë³€ì„ ì–»ê³  AIì—ì„œ ì¶”ì¶œí•œ ê´€ë ¨ ì½˜í…ì¸ ë¡œ ìµœê·¼ ë‰´ìŠ¤ ê¸°ì‚¬ì— ì•¡ì„¸ìŠ¤í•©ë‹ˆë‹¤. ì •êµí•œ ê²€ìƒ‰ ê¸°ëŠ¥ìœ¼ë¡œ LLMì˜ ì—­ëŸ‰ì„ ê°•í™”í•©ë‹ˆë‹¤.,https://smithery.ai/server/@tulong66/mcp-tavily-proxy,Local,,0
web search,MCP2Brave,Use Brave API to perform web searches.,Brave APIë¥¼ ì‚¬ìš©í•˜ì—¬ ì›¹ ê²€ìƒ‰ì„ ìˆ˜í–‰í•©ë‹ˆë‹¤.,https://smithery.ai/server/mcp2brave,Local,,1
web search,SearXNG Search Connector,An MCP server for connecting to SearXNG to perform web searches.,SearXNGì— ì—°ê²°í•˜ì—¬ ì›¹ ê²€ìƒ‰ì„ ìˆ˜í–‰í•˜ëŠ” MCP ì„œë²„ì…ë‹ˆë‹¤.,https://smithery.ai/server/mcp-searxng,Remote,,1
web search,Perplexity Search Golang,Perform real-time web searches and retrieve results with citations using the Perplexity search API. Enhance your applications with the ability to access up-to-date information and related questions seamlessly. Integrate effortlessly with your LLMs to provide enriched search capabilities.,Perplexity ê²€ìƒ‰ APIë¥¼ ì‚¬ìš©í•˜ì—¬ ì‹¤ì‹œê°„ ì›¹ ê²€ìƒ‰ì„ ìˆ˜í–‰í•˜ê³  ì¸ìš©ë¬¸ê³¼ í•¨ê»˜ ê²°ê³¼ë¥¼ ê²€ìƒ‰í•©ë‹ˆë‹¤. ìµœì‹  ì •ë³´ì™€ ê´€ë ¨ ì§ˆë¬¸ì— ì›í™œí•˜ê²Œ ì•¡ì„¸ìŠ¤í•  ìˆ˜ ìˆëŠ” ê¸°ëŠ¥ìœ¼ë¡œ ì• í”Œë¦¬ì¼€ì´ì…˜ì„ ê°•í™”í•©ë‹ˆë‹¤. LLMê³¼ ì†ì‰½ê²Œ í†µí•©í•˜ì—¬ í’ë¶€í•œ ê²€ìƒ‰ ê¸°ëŠ¥ì„ ì œê³µí•©ë‹ˆë‹¤.,https://smithery.ai/server/@chenxilol/perplexity-mcp-go,Local,,2
web search,SearXNG Model Context Protocol Server,"Enable language models to perform web searches through SearXNG. Send search queries and receive formatted results seamlessly, enhancing your model's capabilities with real-time web data.",ì–¸ì–´ ëª¨ë¸ì´ SearXNGë¥¼ í†µí•´ ì›¹ ê²€ìƒ‰ì„ ìˆ˜í–‰í•˜ë„ë¡ í™œì„±í™”í•©ë‹ˆë‹¤. ê²€ìƒ‰ ì¿¼ë¦¬ë¥¼ ë³´ë‚´ê³  í¬ë§·ëœ ê²°ê³¼ë¥¼ ì›í™œí•˜ê²Œ ìˆ˜ì‹ í•˜ì—¬ ì‹¤ì‹œê°„ ì›¹ ë°ì´í„°ë¡œ ëª¨ë¸ì˜ ê¸°ëŠ¥ì„ í–¥ìƒí•©ë‹ˆë‹¤.,https://smithery.ai/server/@aeon-seraph/searxng-mcp,Local,,2
web search,SearxNG Server,Provides web search capabilities using the SearxNG API.,SearxNG APIë¥¼ ì‚¬ìš©í•˜ì—¬ ì›¹ ê²€ìƒ‰ ê¸°ëŠ¥ì„ ì œê³µí•©ë‹ˆë‹¤.,https://smithery.ai/server/@ihor-sokoliuk/server-searxng,Remote,,1
web search,Perplexity Ask,Engage in real-time web searches with the Sonar API to enhance your conversations. Leverage live web-wide research capabilities directly within your applications. Simplify your information retrieval process and get instant answers from the web.,Sonar APIë¡œ ì‹¤ì‹œê°„ ì›¹ ê²€ìƒ‰ì— ì°¸ì—¬í•˜ì—¬ ëŒ€í™”ë¥¼ ê°•í™”í•˜ì„¸ìš”. ì• í”Œë¦¬ì¼€ì´ì…˜ ë‚´ì—ì„œ ì§ì ‘ ë¼ì´ë¸Œ ì›¹ ì „ì²´ ì¡°ì‚¬ ê¸°ëŠ¥ì„ í™œìš©í•˜ì„¸ìš”. ì •ë³´ ê²€ìƒ‰ í”„ë¡œì„¸ìŠ¤ë¥¼ ê°„ì†Œí™”í•˜ê³  ì›¹ì—ì„œ ì¦‰ê°ì ì¸ ë‹µë³€ì„ ì–»ìœ¼ì„¸ìš”.,https://smithery.ai/server/@ppl-ai/modelcontextprotocol,Local,,1
web search,Scrapeless Mcp Server,Enable your AI assistants to perform advanced web searches effortlessly. Leverage Scrapeless to retrieve data from Google Search and summarize results for enhanced decision-making. Start searching smarter with our intuitive MCP server implementation.,AI ì–´ì‹œìŠ¤í„´íŠ¸ê°€ ê³ ê¸‰ ì›¹ ê²€ìƒ‰ì„ ì†ì‰½ê²Œ ìˆ˜í–‰í•  ìˆ˜ ìˆë„ë¡ í•˜ì„¸ìš”. Scrapelessë¥¼ í™œìš©í•˜ì—¬ Google ê²€ìƒ‰ì—ì„œ ë°ì´í„°ë¥¼ ê²€ìƒ‰í•˜ê³  ê²°ê³¼ë¥¼ ìš”ì•½í•˜ì—¬ í–¥ìƒëœ ì˜ì‚¬ ê²°ì •ì„ ë‚´ë¦¬ì„¸ìš”. ì§ê´€ì ì¸ MCP ì„œë²„ êµ¬í˜„ìœ¼ë¡œ ë” ìŠ¤ë§ˆíŠ¸í•˜ê²Œ ê²€ìƒ‰ì„ ì‹œì‘í•˜ì„¸ìš”.,https://smithery.ai/server/@scrapeless-ai/scrapeless-mcp-server,Local,,3
web search,Memory Store,Provide web search capabilities using Puppeteer.,Puppeteerë¥¼ ì‚¬ìš©í•˜ì—¬ ì›¹ ê²€ìƒ‰ ê¸°ëŠ¥ì„ ì œê³µí•©ë‹ˆë‹¤.,https://smithery.ai/server/@divslingerx/mcp-server,Local,,1
web search,SysAuto Ask,Engage in real-time web searches by conversing with the Sonar API. Leverage the power of live data to enhance your research capabilities effortlessly. Integrate seamlessly with Claude Desktop for an enriched user experience.,Sonar APIì™€ ëŒ€í™”í•˜ì—¬ ì‹¤ì‹œê°„ ì›¹ ê²€ìƒ‰ì— ì°¸ì—¬í•˜ì„¸ìš”. ë¼ì´ë¸Œ ë°ì´í„°ì˜ í˜ì„ í™œìš©í•˜ì—¬ ì†ì‰½ê²Œ ì—°êµ¬ ì—­ëŸ‰ì„ ê°•í™”í•˜ì„¸ìš”. Claude Desktopê³¼ ì™„ë²½í•˜ê²Œ í†µí•©í•˜ì—¬ í’ë¶€í•œ ì‚¬ìš©ì ê²½í—˜ì„ ì œê³µí•˜ì„¸ìš”.,https://smithery.ai/server/@rogeriolembo/mcp-api,Local,,2
web search,Bing Search,"Enable your AI assistants to perform comprehensive web, news, and image searches using the Microsoft Bing Search API. Access timely information and visual content effortlessly, enhancing the capabilities of your applications. Integrate seamlessly with MCP-compatible clients for a powerful search experience.","Microsoft Bing Search APIë¥¼ ì‚¬ìš©í•˜ì—¬ AI ì–´ì‹œìŠ¤í„´íŠ¸ê°€ í¬ê´„ì ì¸ ì›¹, ë‰´ìŠ¤ ë° ì´ë¯¸ì§€ ê²€ìƒ‰ì„ ìˆ˜í–‰í•˜ë„ë¡ í•˜ì„¸ìš”. ì ì‹œì— ì •ë³´ì™€ ì‹œê°ì  ì½˜í…ì¸ ì— ì†ì‰½ê²Œ ì•¡ì„¸ìŠ¤í•˜ì—¬ ì• í”Œë¦¬ì¼€ì´ì…˜ì˜ ê¸°ëŠ¥ì„ í–¥ìƒí•˜ì„¸ìš”. ê°•ë ¥í•œ ê²€ìƒ‰ í™˜ê²½ì„ ìœ„í•´ MCP í˜¸í™˜ í´ë¼ì´ì–¸íŠ¸ì™€ ì›í™œí•˜ê²Œ í†µí•©í•˜ì„¸ìš”.",https://smithery.ai/server/@leehanchung/bing-search-mcp,Remote,,3
web search,Deep Research,Search the web for information effortlessly. Leverage the power of the Tavily API to enhance your research capabilities with maximum efficiency. Configure your search parameters and get started quickly with this intuitive tool.,ì›¹ì—ì„œ ì •ë³´ë¥¼ ì†ì‰½ê²Œ ê²€ìƒ‰í•˜ì„¸ìš”. Tavily APIì˜ í˜ì„ í™œìš©í•˜ì—¬ ìµœëŒ€ì˜ íš¨ìœ¨ì„±ìœ¼ë¡œ ì—°êµ¬ ì—­ëŸ‰ì„ ê°•í™”í•˜ì„¸ìš”. ê²€ìƒ‰ ë§¤ê°œë³€ìˆ˜ë¥¼ êµ¬ì„±í•˜ê³  ì´ ì§ê´€ì ì¸ ë„êµ¬ë¡œ ë¹ ë¥´ê²Œ ì‹œì‘í•˜ì„¸ìš”.,https://smithery.ai/server/@baranwang/mcp-deep-research,Remote,,2
web search,Ollama Deep Researcher,"Empower your AI assistants to conduct in-depth research on any topic using local LLMs. Generate web search queries, summarize results, and iteratively refine your findings to fill knowledge gaps. Achieve comprehensive insights with a final markdown summary of all sources used.","ë¡œì»¬ LLMì„ ì‚¬ìš©í•˜ì—¬ ëª¨ë“  ì£¼ì œì— ëŒ€í•œ ì‹¬ì¸µ ì—°êµ¬ë¥¼ ìˆ˜í–‰í•  ìˆ˜ ìˆë„ë¡ AI ì–´ì‹œìŠ¤í„´íŠ¸ë¥¼ ê°•í™”í•˜ì„¸ìš”. ì›¹ ê²€ìƒ‰ ì¿¼ë¦¬ë¥¼ ìƒì„±í•˜ê³ , ê²°ê³¼ë¥¼ ìš”ì•½í•˜ê³ , ë°˜ë³µì ìœ¼ë¡œ ê²°ê³¼ë¥¼ ì •ì œí•˜ì—¬ ì§€ì‹ ê²©ì°¨ë¥¼ ë©”ìš°ì„¸ìš”. ì‚¬ìš©ëœ ëª¨ë“  ì†ŒìŠ¤ì˜ ìµœì¢… ë§ˆí¬ë‹¤ìš´ ìš”ì•½ìœ¼ë¡œ í¬ê´„ì ì¸ í†µì°°ë ¥ì„ ì–»ìœ¼ì„¸ìš”.",https://smithery.ai/server/@Cam10001110101/mcp-server-ollama-deep-researcher,Local,,4
web search,Google Search,"Provide Google search capabilities, web content extraction, and screenshot functionality.","Google ê²€ìƒ‰ ê¸°ëŠ¥, ì›¹ ì½˜í…ì¸  ì¶”ì¶œ, ìŠ¤í¬ë¦°ìƒ· ê¸°ëŠ¥ì„ ì œê³µí•©ë‹ˆë‹¤.",https://smithery.ai/server/@Claw256/mcp-google-search,Local,,1
web search,Resources,Building the operating system for AI,AIë¥¼ ìœ„í•œ ìš´ì˜ì²´ì œ êµ¬ì¶•,https://smithery.ai/,,,0
web search,Perplexity Server,Leverage web search capabilities to find information quickly and efficiently. Automatically select the best model based on your query intent for optimal results. Enhance your search experience with intelligent domain and recency filtering options.,ì›¹ ê²€ìƒ‰ ê¸°ëŠ¥ì„ í™œìš©í•˜ì—¬ ë¹ ë¥´ê³  íš¨ìœ¨ì ìœ¼ë¡œ ì •ë³´ë¥¼ ì°¾ìœ¼ì„¸ìš”. ìµœì ì˜ ê²°ê³¼ë¥¼ ìœ„í•´ ì¿¼ë¦¬ ì˜ë„ì— ë”°ë¼ ìë™ìœ¼ë¡œ ìµœìƒì˜ ëª¨ë¸ì„ ì„ íƒí•˜ì„¸ìš”. ì§€ëŠ¥í˜• ë„ë©”ì¸ ë° ìµœê·¼ì„± í•„í„°ë§ ì˜µì…˜ìœ¼ë¡œ ê²€ìƒ‰ í™˜ê²½ì„ ê°œì„ í•˜ì„¸ìš”.,https://smithery.ai/server/@RossH121/perplexity-mcp,Local,,2
web search,Perplexity MCP Server,Enable web searching capabilities using Perplexity AI.,Perplexity AIë¥¼ ì‚¬ìš©í•˜ì—¬ ì›¹ ê²€ìƒ‰ ê¸°ëŠ¥ì„ í™œì„±í™”í•©ë‹ˆë‹¤.,https://smithery.ai/server/@spragginsdesigns/perplexity-mcp-server,Local,,1
web search,Web Research Server,Integrate real-time web research capabilities into your applications. Conduct thorough research with Google search integration and webpage content extraction.,ì‹¤ì‹œê°„ ì›¹ ë¦¬ì„œì¹˜ ê¸°ëŠ¥ì„ ì• í”Œë¦¬ì¼€ì´ì…˜ì— í†µí•©í•©ë‹ˆë‹¤. Google ê²€ìƒ‰ í†µí•© ë° ì›¹í˜ì´ì§€ ì½˜í…ì¸  ì¶”ì¶œì„ í†µí•´ ì² ì €í•œ ë¦¬ì„œì¹˜ë¥¼ ìˆ˜í–‰í•©ë‹ˆë‹¤.,https://smithery.ai/server/@jevy/mcp-webresearch,Local,,1
web search,Gemini API Server,"Leverage the power of Google's Gemini API for versatile AI capabilities. Generate text, create and edit images, analyze videos, and perform web searches seamlessly. Enhance your applications with advanced AI functionalities effortlessly.","ë‹¤ì–‘í•œ AI ê¸°ëŠ¥ì„ ìœ„í•´ Googleì˜ Gemini APIì˜ í˜ì„ í™œìš©í•˜ì„¸ìš”. í…ìŠ¤íŠ¸ë¥¼ ìƒì„±í•˜ê³ , ì´ë¯¸ì§€ë¥¼ ë§Œë“¤ê³  í¸ì§‘í•˜ê³ , ë¹„ë””ì˜¤ë¥¼ ë¶„ì„í•˜ê³ , ì›¹ ê²€ìƒ‰ì„ ì›í™œí•˜ê²Œ ìˆ˜í–‰í•˜ì„¸ìš”. ê³ ê¸‰ AI ê¸°ëŠ¥ìœ¼ë¡œ ì• í”Œë¦¬ì¼€ì´ì…˜ì„ ì†ì‰½ê²Œ ê°•í™”í•˜ì„¸ìš”.",https://smithery.ai/server/@techkwon/mcp-gemini,Local,,3
web search,Kagi Search,MCP server that allows searching the web using Kagi API,Kagi APIë¥¼ ì‚¬ìš©í•˜ì—¬ ì›¹ ê²€ìƒ‰ì„ í—ˆìš©í•˜ëŠ” MCP ì„œë²„,https://smithery.ai/server/kagi-mcp,Remote,,1
web search,Jina AI MCP Server,"Access powerful web services through Claude. Utilize tools for web page reading, web search, and fact-checking.","Claudeë¥¼ í†µí•´ ê°•ë ¥í•œ ì›¹ ì„œë¹„ìŠ¤ì— ì•¡ì„¸ìŠ¤í•˜ì„¸ìš”. ì›¹ í˜ì´ì§€ ì½ê¸°, ì›¹ ê²€ìƒ‰ ë° ì‚¬ì‹¤ í™•ì¸ì„ ìœ„í•œ ë„êµ¬ë¥¼ í™œìš©í•˜ì„¸ìš”.",https://smithery.ai/server/@JoeBuildsStuff/mcp-jina-ai,Local,,1
web search,Perplexity MCP Server,Leverage web search capabilities to find the latest information using Perplexity AI's API. Easily integrate this server with your applications to enhance your search functionalities. Get timely and relevant search results with just a simple prompt.,Perplexity AIì˜ APIë¥¼ ì‚¬ìš©í•˜ì—¬ ìµœì‹  ì •ë³´ë¥¼ ì°¾ê¸° ìœ„í•´ ì›¹ ê²€ìƒ‰ ê¸°ëŠ¥ì„ í™œìš©í•˜ì„¸ìš”. ì´ ì„œë²„ë¥¼ ê·€í•˜ì˜ ì• í”Œë¦¬ì¼€ì´ì…˜ê³¼ ì‰½ê²Œ í†µí•©í•˜ì—¬ ê²€ìƒ‰ ê¸°ëŠ¥ì„ ê°•í™”í•˜ì„¸ìš”. ê°„ë‹¨í•œ í”„ë¡¬í”„íŠ¸ë¡œ ì ì‹œì— ê´€ë ¨ì„± ìˆëŠ” ê²€ìƒ‰ ê²°ê³¼ë¥¼ ì–»ìœ¼ì„¸ìš”.,https://smithery.ai/server/@hostedmcp/perplexity-mcp,Local,,2
web search,Search Service,Provide online and local search capabilities.,ì˜¨ë¼ì¸ ë° ë¡œì»¬ ê²€ìƒ‰ ê¸°ëŠ¥ì„ ì œê³µí•©ë‹ˆë‹¤.,https://smithery.ai/server/@fengin/search-server,Local,,1
web search,Tavily Search,"Perform searches based on specified queries and receive AI responses, URIs, and titles of the search results. Enhance your search capabilities with a simple command in Claude Desktop or Cursor, making information retrieval seamless and efficient.","ì§€ì •ëœ ì¿¼ë¦¬ì— ë”°ë¼ ê²€ìƒ‰ì„ ìˆ˜í–‰í•˜ê³  ê²€ìƒ‰ ê²°ê³¼ì˜ AI ì‘ë‹µ, URI ë° ì œëª©ì„ ë°›ìŠµë‹ˆë‹¤. Claude Desktop ë˜ëŠ” Cursorì—ì„œ ê°„ë‹¨í•œ ëª…ë ¹ìœ¼ë¡œ ê²€ìƒ‰ ê¸°ëŠ¥ì„ ê°•í™”í•˜ì—¬ ì •ë³´ ê²€ìƒ‰ì„ ì›í™œí•˜ê³  íš¨ìœ¨ì ìœ¼ë¡œ ë§Œë“­ë‹ˆë‹¤.",https://smithery.ai/server/@YeonwooSung/metasearch-mcp,Local,,2
web search,Perplexity Server,Enable web search capabilities using Perplexity's API.,Perplexityì˜ APIë¥¼ ì‚¬ìš©í•˜ì—¬ ì›¹ ê²€ìƒ‰ ê¸°ëŠ¥ì„ í™œì„±í™”í•©ë‹ˆë‹¤.,https://smithery.ai/server/@jaacob/perplexity-mcp,Local,,1
web search,Deep Web Research Server,Enhance web research capabilities with intelligent search and content extraction.,ì§€ëŠ¥í˜• ê²€ìƒ‰ê³¼ ì½˜í…ì¸  ì¶”ì¶œë¡œ ì›¹ ì¡°ì‚¬ ì—­ëŸ‰ì„ ê°•í™”í•˜ì„¸ìš”.,https://smithery.ai/server/@PedroDnT/mcp-deepwebresearch,Local,,1
web search,Query Table,"Extract and query data from various financial websites seamlessly. Switch between sources effortlessly if one becomes unavailable, ensuring continuous access to critical information. Leverage browser automation for accurate data retrieval without the hassle of manual logins or complex request handling.",ë‹¤ì–‘í•œ ê¸ˆìœµ ì›¹ì‚¬ì´íŠ¸ì—ì„œ ë°ì´í„°ë¥¼ ì›í™œí•˜ê²Œ ì¶”ì¶œí•˜ê³  ì¿¼ë¦¬í•©ë‹ˆë‹¤. í•˜ë‚˜ë¥¼ ì‚¬ìš©í•  ìˆ˜ ì—†ê²Œ ë˜ë©´ ì†ŒìŠ¤ ê°„ì— ì†ì‰½ê²Œ ì „í™˜í•˜ì—¬ ì¤‘ìš”í•œ ì •ë³´ì— ëŒ€í•œ ì§€ì†ì ì¸ ì•¡ì„¸ìŠ¤ë¥¼ ë³´ì¥í•©ë‹ˆë‹¤. ìˆ˜ë™ ë¡œê·¸ì¸ì´ë‚˜ ë³µì¡í•œ ìš”ì²­ ì²˜ë¦¬ì˜ ë²ˆê±°ë¡œì›€ ì—†ì´ ì •í™•í•œ ë°ì´í„° ê²€ìƒ‰ì„ ìœ„í•´ ë¸Œë¼ìš°ì € ìë™í™”ë¥¼ í™œìš©í•©ë‹ˆë‹¤.,https://smithery.ai/server/@wukan1986/query_table,Local,,2
web search,Google Search Server,Enable your AI models to perform Google searches and analyze webpage content programmatically. Access advanced search features and extract meaningful information from web pages effortlessly. Enhance your applications with powerful web data capabilities.,AI ëª¨ë¸ì´ Google ê²€ìƒ‰ì„ ìˆ˜í–‰í•˜ê³  ì›¹í˜ì´ì§€ ì½˜í…ì¸ ë¥¼ í”„ë¡œê·¸ë˜ë° ë°©ì‹ìœ¼ë¡œ ë¶„ì„í•  ìˆ˜ ìˆë„ë¡ í•©ë‹ˆë‹¤. ê³ ê¸‰ ê²€ìƒ‰ ê¸°ëŠ¥ì— ì•¡ì„¸ìŠ¤í•˜ê³  ì›¹í˜ì´ì§€ì—ì„œ ì˜ë¯¸ ìˆëŠ” ì •ë³´ë¥¼ ì†ì‰½ê²Œ ì¶”ì¶œí•©ë‹ˆë‹¤. ê°•ë ¥í•œ ì›¹ ë°ì´í„° ê¸°ëŠ¥ìœ¼ë¡œ ì• í”Œë¦¬ì¼€ì´ì…˜ì„ ê°•í™”í•©ë‹ˆë‹¤.,https://smithery.ai/server/@mixelpixx/Google-Search-MCP-Server,Local,,3
web search,OpenAI Tool Bridge,"Integrate OpenAI's powerful tools seamlessly into your applications. Leverage web search and code interpretation capabilities within any MCP-compatible model, enhancing your AI's functionality effortlessly.",OpenAIì˜ ê°•ë ¥í•œ ë„êµ¬ë¥¼ ì• í”Œë¦¬ì¼€ì´ì…˜ì— ì›í™œí•˜ê²Œ í†µí•©í•˜ì„¸ìš”. ëª¨ë“  MCP í˜¸í™˜ ëª¨ë¸ ë‚´ì—ì„œ ì›¹ ê²€ìƒ‰ ë° ì½”ë“œ í•´ì„ ê¸°ëŠ¥ì„ í™œìš©í•˜ì—¬ AIì˜ ê¸°ëŠ¥ì„ ì†ì‰½ê²Œ í–¥ìƒí•˜ì„¸ìš”.,https://smithery.ai/server/@alohays/openai-tool2mcp,Local,,3
web search,Brave Search MCP,Enhance your search experience by integrating advanced language model capabilities. Access real-time data and perform complex queries seamlessly. Empower your applications with intelligent search functionalities that adapt to user needs.,ê³ ê¸‰ ì–¸ì–´ ëª¨ë¸ ê¸°ëŠ¥ì„ í†µí•©í•˜ì—¬ ê²€ìƒ‰ ê²½í—˜ì„ í–¥ìƒì‹œí‚¤ì„¸ìš”. ì‹¤ì‹œê°„ ë°ì´í„°ì— ì•¡ì„¸ìŠ¤í•˜ê³  ë³µì¡í•œ ì¿¼ë¦¬ë¥¼ ì›í™œí•˜ê²Œ ìˆ˜í–‰í•˜ì„¸ìš”. ì‚¬ìš©ì ìš”êµ¬ì— ë§ì¶° ì¡°ì •ë˜ëŠ” ì§€ëŠ¥í˜• ê²€ìƒ‰ ê¸°ëŠ¥ìœ¼ë¡œ ì• í”Œë¦¬ì¼€ì´ì…˜ì„ ê°•í™”í•˜ì„¸ìš”.,https://smithery.ai/server/@w-jeon/mcp-brave-search,Local,,2
web search,Smithery Search,Enhance your search capabilities with advanced querying and data retrieval features. Access and manipulate real-world data seamlessly to improve your applications. Experience a more efficient way to integrate search functionalities into your projects.,ê³ ê¸‰ ì¿¼ë¦¬ ë° ë°ì´í„° ê²€ìƒ‰ ê¸°ëŠ¥ìœ¼ë¡œ ê²€ìƒ‰ ê¸°ëŠ¥ì„ ê°•í™”í•˜ì„¸ìš”. ì‹¤ì œ ë°ì´í„°ì— ì›í™œí•˜ê²Œ ì•¡ì„¸ìŠ¤í•˜ê³  ì¡°ì‘í•˜ì—¬ ì• í”Œë¦¬ì¼€ì´ì…˜ì„ ê°œì„ í•˜ì„¸ìš”. í”„ë¡œì íŠ¸ì— ê²€ìƒ‰ ê¸°ëŠ¥ì„ í†µí•©í•˜ëŠ” ë³´ë‹¤ íš¨ìœ¨ì ì¸ ë°©ë²•ì„ ê²½í—˜í•˜ì„¸ìš”.,https://smithery.ai/server/@EGDongAn/smithery-search,Local,,2
web search,Internet Search Server,Enable seamless internet searches through a powerful MCP server. Leverage the Bocha AI search API to enhance your applications with real-time search capabilities. Simplify your integration process with easy setup and configuration.,ê°•ë ¥í•œ MCP ì„œë²„ë¥¼ í†µí•´ ì›í™œí•œ ì¸í„°ë„· ê²€ìƒ‰ì„ í™œì„±í™”í•˜ì„¸ìš”. Bocha AI ê²€ìƒ‰ APIë¥¼ í™œìš©í•˜ì—¬ ì‹¤ì‹œê°„ ê²€ìƒ‰ ê¸°ëŠ¥ìœ¼ë¡œ ì• í”Œë¦¬ì¼€ì´ì…˜ì„ ê°•í™”í•˜ì„¸ìš”. ì‰¬ìš´ ì„¤ì • ë° êµ¬ì„±ìœ¼ë¡œ í†µí•© í”„ë¡œì„¸ìŠ¤ë¥¼ ê°„ì†Œí™”í•˜ì„¸ìš”.,https://smithery.ai/server/@mingdedi/InternetSearch-mcp-server,Local,,3
web search,TypeScript MCP Servers,"Enhance your development experience by integrating powerful tools like web search, file system operations, Git management, and shell command execution into your workflow. Leverage the flat-rate Claude Pro subscription to access these capabilities without incurring variable costs. Streamline your coding tasks and improve productivity with seamless integration into the Claude Desktop application.","ì›¹ ê²€ìƒ‰, íŒŒì¼ ì‹œìŠ¤í…œ ìš´ì˜, Git ê´€ë¦¬, ì…¸ ëª…ë ¹ ì‹¤í–‰ê³¼ ê°™ì€ ê°•ë ¥í•œ ë„êµ¬ë¥¼ ì›Œí¬í”Œë¡œì— í†µí•©í•˜ì—¬ ê°œë°œ ê²½í—˜ì„ í–¥ìƒì‹œí‚¤ì„¸ìš”. ì •ì•¡ Claude Pro êµ¬ë…ì„ í™œìš©í•˜ì—¬ ê°€ë³€ ë¹„ìš©ì„ ë“¤ì´ì§€ ì•Šê³ ë„ ì´ëŸ¬í•œ ê¸°ëŠ¥ì— ì•¡ì„¸ìŠ¤í•˜ì„¸ìš”. Claude Desktop ì• í”Œë¦¬ì¼€ì´ì…˜ì— ì›í™œí•˜ê²Œ í†µí•©í•˜ì—¬ ì½”ë”© ì‘ì—…ì„ ê°„ì†Œí™”í•˜ê³  ìƒì‚°ì„±ì„ í–¥ìƒì‹œí‚¤ì„¸ìš”.",https://smithery.ai/server/@ukkz/claude-ts-mcps,Local,,3
web search,MCP Tool Kit,"Enhance your Claude AI assistants with a variety of integrated tools for file operations, web searches, data analysis, and more. Streamline workflows by allowing Claude to perform actions and access external resources seamlessly. Empower your agents to handle complex tasks efficiently and effectively.","íŒŒì¼ ì‘ì—…, ì›¹ ê²€ìƒ‰, ë°ì´í„° ë¶„ì„ ë“±ì„ ìœ„í•œ ë‹¤ì–‘í•œ í†µí•© ë„êµ¬ë¡œ Claude AI ì–´ì‹œìŠ¤í„´íŠ¸ë¥¼ ê°•í™”í•˜ì„¸ìš”. Claudeê°€ ì‘ì—…ì„ ìˆ˜í–‰í•˜ê³  ì™¸ë¶€ ë¦¬ì†ŒìŠ¤ì— ì›í™œí•˜ê²Œ ì•¡ì„¸ìŠ¤í•  ìˆ˜ ìˆë„ë¡ í•˜ì—¬ ì›Œí¬í”Œë¡œë¥¼ ê°„ì†Œí™”í•˜ì„¸ìš”. ì—ì´ì „íŠ¸ê°€ ë³µì¡í•œ ì‘ì—…ì„ íš¨ìœ¨ì ì´ê³  íš¨ê³¼ì ìœ¼ë¡œ ì²˜ë¦¬í•  ìˆ˜ ìˆë„ë¡ ì§€ì›í•˜ì„¸ìš”.",https://smithery.ai/server/@getfounded/mcp-tool-kit,Local,,4
web search,Crawl4AI MCP Server,Provide powerful search capabilities and LLM-optimized web content understanding.,ê°•ë ¥í•œ ê²€ìƒ‰ ê¸°ëŠ¥ê³¼ LLMì— ìµœì í™”ëœ ì›¹ ì½˜í…ì¸  ì´í•´ë¥¼ ì œê³µí•©ë‹ˆë‹¤.,https://smithery.ai/server/@weidwonder/crawl4ai-mcp-server,Local,,3
web search,Resources,Building the operating system for AI,AIë¥¼ ìœ„í•œ ìš´ì˜ì²´ì œ êµ¬ì¶•,https://smithery.ai/,,,0
web search,Azure AI Agent Service,"Enhance your search capabilities by integrating Azure AI services with Claude Desktop. Access intelligent search results from both your private documents and the web, complete with source citations. Customize and extend your search behavior effortlessly to meet your needs.",Azure AI ì„œë¹„ìŠ¤ë¥¼ Claude Desktopê³¼ í†µí•©í•˜ì—¬ ê²€ìƒ‰ ê¸°ëŠ¥ì„ ê°•í™”í•˜ì„¸ìš”. ì†ŒìŠ¤ ì¸ìš©ì´ í¬í•¨ëœ ê°œì¸ ë¬¸ì„œì™€ ì›¹ì—ì„œ ì§€ëŠ¥í˜• ê²€ìƒ‰ ê²°ê³¼ì— ì•¡ì„¸ìŠ¤í•˜ì„¸ìš”. í•„ìš”ì— ë§ê²Œ ê²€ìƒ‰ ë™ì‘ì„ ì†ì‰½ê²Œ ì‚¬ìš©ì ì§€ì •í•˜ê³  í™•ì¥í•˜ì„¸ìš”.,https://smithery.ai/server/@farzad528/mcp-server-azure-ai-agents,Local,,2
web search,Firecrawl Server,Enable web scraping and intelligent content searching capabilities.,ì›¹ ìŠ¤í¬ë˜í•‘ê³¼ ì§€ëŠ¥í˜• ì½˜í…ì¸  ê²€ìƒ‰ ê¸°ëŠ¥ì„ í™œì„±í™”í•©ë‹ˆë‹¤.,https://smithery.ai/server/@Msparihar/mcp-server-firecrawl,Local,,0
web search,Valyu MCP Server,Access Valyu's knowledge retrieval and feedback APIs to enhance your LLM's capabilities. Search proprietary and web sources for information and submit transaction feedback seamlessly. Empower your applications with real-time insights and user interaction.,Valyuì˜ ì§€ì‹ ê²€ìƒ‰ ë° í”¼ë“œë°± APIì— ì•¡ì„¸ìŠ¤í•˜ì—¬ LLMì˜ ì—­ëŸ‰ì„ ê°•í™”í•˜ì„¸ìš”. ë…ì  ë° ì›¹ ì†ŒìŠ¤ì—ì„œ ì •ë³´ë¥¼ ê²€ìƒ‰í•˜ê³  ê±°ë˜ í”¼ë“œë°±ì„ ì›í™œí•˜ê²Œ ì œì¶œí•˜ì„¸ìš”. ì‹¤ì‹œê°„ í†µì°°ë ¥ê³¼ ì‚¬ìš©ì ìƒí˜¸ ì‘ìš©ìœ¼ë¡œ ì• í”Œë¦¬ì¼€ì´ì…˜ì„ ê°•í™”í•˜ì„¸ìš”.,https://smithery.ai/server/@valyu-network/valyu-mcp-js,Local,,2
web search,AI Agent Marketplace Index Search Server,Search for AI agents by keywords or categories to find the right tools for your needs. Monitor web traffic performance and access comprehensive metrics for available AI agents. Easily list your AI agents in the marketplace with a robust API.,í‚¤ì›Œë“œ ë˜ëŠ” ì¹´í…Œê³ ë¦¬ë³„ë¡œ AI ì—ì´ì „íŠ¸ë¥¼ ê²€ìƒ‰í•˜ì—¬ í•„ìš”ì— ë§ëŠ” ì˜¬ë°”ë¥¸ ë„êµ¬ë¥¼ ì°¾ìœ¼ì„¸ìš”. ì›¹ íŠ¸ë˜í”½ ì„±ëŠ¥ì„ ëª¨ë‹ˆí„°ë§í•˜ê³  ì‚¬ìš© ê°€ëŠ¥í•œ AI ì—ì´ì „íŠ¸ì— ëŒ€í•œ í¬ê´„ì ì¸ ì§€í‘œì— ì•¡ì„¸ìŠ¤í•˜ì„¸ìš”. ê°•ë ¥í•œ APIë¡œ ë§ˆì¼“í”Œë ˆì´ìŠ¤ì— AI ì—ì´ì „íŠ¸ë¥¼ ì‰½ê²Œ ë“±ë¡í•˜ì„¸ìš”.,https://smithery.ai/server/@AI-Agent-Hub/ai-agent-marketplace-index-mcp,Local,,3
